POISSON BOLTZMANN:,,,,,,,,
Complex Energy Terms,,,,,,,,
Frame #,VDWAALS,EEL,EPB,ENPOLAR,EDISPER,G gas,G solv,TOTAL
0,-3149.2041,-1533.3576,0,3393.7952,-2052.3321,-4682.5617,1341.4631,-3341.0986
1,-3161.6267,-1535.7854,0,3391.1539,-2035.9088,-4697.4121,1355.2451,-3342.167
2,-3180.4823,-1530.5838,0,3420.7088,-2078.3711,-4711.0661,1342.3377,-3368.7284
3,-3189.3198,-1534.0127,0,3393.0534,-2043.1137,-4723.3325,1349.9397,-3373.3928
4,-3177.1844,-1532.2137,0,3390.9555,-2042.9268,-4709.3981,1348.0287,-3361.3694
5,-3164.3714,-1531.0381,0,3389.7128,-2037.175,-4695.4095,1352.5378,-3342.8717
6,-3173.8279,-1529.1986,0,3398.4541,-2054.4766,-4703.0265,1343.9775,-3359.049
7,-3201.6262,-1530.6139,0,3402.5459,-2055.125,-4732.2401,1347.4209,-3384.8192
8,-3146.0608,-1532.0097,0,3396.4034,-2052.26,-4678.0705,1344.1434,-3333.9271
9,-3154.771,-1530.7263,0,3391.9619,-2039.2049,-4685.4973,1352.757,-3332.7403
10,-3184.0941,-1534.4473,0,3388.8434,-2035.1702,-4718.5414,1353.6732,-3364.8682
11,-3174.2819,-1538.1761,0,3381.789,-2032.6006,-4712.458,1349.1884,-3363.2696
12,-3140.9495,-1533.4789,0,3398.2131,-2054.879,-4674.4284,1343.3341,-3331.0943
13,-3184.39,-1533.8343,0,3394.3008,-2055.657,-4718.2243,1338.6438,-3379.5805
14,-3177.5295,-1539.9843,0,3405.4423,-2067.0391,-4717.5138,1338.4032,-3379.1106
15,-3157.8259,-1531.9149,0,3410.5737,-2056.0481,-4689.7408,1354.5256,-3335.2152
16,-3155.8424,-1535.8186,0,3400.5236,-2045.934,-4691.661,1354.5896,-3337.0714
17,-3150.4395,-1534.7658,0,3399.9424,-2046.0245,-4685.2053,1353.9179,-3331.2874
18,-3172.4421,-1539.4237,0,3390.6625,-2039.0935,-4711.8658,1351.569,-3360.2968
19,-3148.1214,-1535.8916,0,3405.2817,-2049.3377,-4684.013,1355.944,-3328.069
20,-3194.9681,-1532.3027,0,3391.8107,-2041.0873,-4727.2708,1350.7234,-3376.5474
21,-3162.7776,-1540.1435,0,3390.62,-2042.4764,-4702.9211,1348.1436,-3354.7775
22,-3163.5294,-1538.6203,0,3405.7873,-2060.5537,-4702.1497,1345.2336,-3356.9161
23,-3203.7669,-1538.6688,0,3379.2091,-2028.7073,-4742.4357,1350.5018,-3391.9339
24,-3161.7169,-1534.686,0,3388.0638,-2033.2623,-4696.4029,1354.8015,-3341.6014
25,-3178.1888,-1541.1616,0,3380.4471,-2030.7727,-4719.3504,1349.6744,-3369.676
26,-3224.9319,-1533.9362,0,3373.2462,-2009.3276,-4758.8681,1363.9186,-3394.9495
27,-3195.4223,-1537.7226,0,3381.8221,-2023.7032,-4733.1449,1358.1189,-3375.026
28,-3191.4209,-1535.6424,0,3394.4945,-2038.3051,-4727.0633,1356.1894,-3370.8739
29,-3185.7814,-1533.6604,0,3375.7079,-2009.3814,-4719.4418,1366.3265,-3353.1153
30,-3203.5009,-1535.6025,0,3365.5492,-2006.4619,-4739.1034,1359.0873,-3380.0161
31,-3191.6488,-1529.567,0,3382.6489,-2030.6257,-4721.2158,1352.0232,-3369.1926
32,-3167.832,-1538.523,0,3362.3314,-2005.3926,-4706.355,1356.9388,-3349.4162
33,-3186.6866,-1535.6197,0,3373.6336,-2012.3268,-4722.3063,1361.3068,-3360.9995
34,-3187.5636,-1539.187,0,3361.3722,-2010.1756,-4726.7506,1351.1966,-3375.554
35,-3185.1941,-1538.7072,0,3388.3237,-2039.428,-4723.9013,1348.8957,-3375.0056
36,-3152.8482,-1543.4917,0,3397.4524,-2048.7662,-4696.3399,1348.6862,-3347.6537
37,-3191.3482,-1538.985,0,3380.6077,-2023.5251,-4730.3332,1357.0826,-3373.2506
38,-3170.0352,-1536.5006,0,3382.8238,-2035.5989,-4706.5358,1347.2249,-3359.3109
39,-3180.353,-1537.9081,0,3378.3066,-2029.2868,-4718.2611,1349.0198,-3369.2413
40,-3168.4363,-1535.4129,0,3360.6871,-2007.6369,-4703.8492,1353.0502,-3350.799
41,-3171.7134,-1540.8281,0,3371.0727,-2016.5091,-4712.5415,1354.5636,-3357.9779
42,-3175.4635,-1538.0645,0,3366.6879,-2007.6932,-4713.528,1358.9947,-3354.5333
43,-3222.0155,-1542.0226,0,3363.5883,-2015.5693,-4764.0381,1348.019,-3416.0191
44,-3220.3537,-1532.9637,0,3361.755,-1999.7704,-4753.3174,1361.9846,-3391.3328
45,-3218.5956,-1532.3777,0,3361.9204,-1997.9143,-4750.9733,1364.0061,-3386.9672
46,-3223.2681,-1537.0973,0,3369.9434,-2016.0286,-4760.3654,1353.9148,-3406.4506
47,-3169.5712,-1531.4155,0,3384.6665,-2025.3227,-4700.9867,1359.3438,-3341.6429
48,-3185.3852,-1531.9284,0,3392.7368,-2037.1337,-4717.3136,1355.6031,-3361.7105
49,-3175.3979,-1542.0596,0,3380.2628,-2034.04,-4717.4575,1346.2228,-3371.2347
50,-3232.4189,-1538.1231,0,3383.6743,-2038.9286,-4770.542,1344.7457,-3425.7963
51,-3180.5966,-1538.9596,0,3372.0791,-2028.962,-4719.5562,1343.1171,-3376.4391
52,-3195.1006,-1537.2359,0,3383.3388,-2027.0561,-4732.3365,1356.2827,-3376.0538
53,-3159.5566,-1536.1997,0,3383.3435,-2038.3267,-4695.7563,1345.0168,-3350.7395
54,-3198.7823,-1539.3508,0,3375.826,-2029.2165,-4738.1331,1346.6095,-3391.5236
55,-3177.0401,-1536.3895,0,3397.5043,-2047.6802,-4713.4296,1349.8241,-3363.6055
56,-3176.2567,-1534.5609,0,3382.2757,-2026.3671,-4710.8176,1355.9086,-3354.909
57,-3201.5315,-1535.6895,0,3368.3842,-2019.5345,-4737.221,1348.8497,-3388.3713
58,-3196.742,-1531.4187,0,3371.8759,-2032.4362,-4728.1607,1339.4397,-3388.721
59,-3193.4229,-1536.8469,0,3384.5342,-2043.0306,-4730.2698,1341.5036,-3388.7662
60,-3165.6721,-1535.1195,0,3385.7391,-2038.6522,-4700.7916,1347.0869,-3353.7047
61,-3134.3557,-1539.6584,0,3386.8731,-2042.1015,-4674.0141,1344.7716,-3329.2425
62,-3195.6645,-1534.8743,0,3389.4199,-2047.5533,-4730.5388,1341.8666,-3388.6722
63,-3187.181,-1538.5455,0,3395.4111,-2050.7221,-4725.7265,1344.689,-3381.0375
64,-3144.3881,-1541.5411,0,3392.6092,-2043.3237,-4685.9292,1349.2855,-3336.6437
65,-3184.2985,-1532.2072,0,3393.5495,-2045.6709,-4716.5057,1347.8786,-3368.6271
66,-3187.6435,-1532.1243,0,3406.8362,-2044.7492,-4719.7678,1362.087,-3357.6808
67,-3127.7234,-1539.6935,0,3397.7217,-2054.7204,-4667.4169,1343.0013,-3324.4156
68,-3173.3091,-1531.2868,0,3395.8931,-2057.1179,-4704.5959,1338.7752,-3365.8207
69,-3171.0792,-1537.6751,0,3394.8158,-2039.2129,-4708.7543,1355.6029,-3353.1514
70,-3183.7555,-1534.7727,0,3407.7906,-2056.7549,-4718.5282,1351.0357,-3367.4925
71,-3120.0757,-1543.8976,0,3393.2046,-2048.1465,-4663.9733,1345.0581,-3318.9152
72,-3137.0865,-1539.4655,0,3400.8544,-2050.0411,-4676.552,1350.8133,-3325.7387
73,-3183.0727,-1531.3004,0,3393.2188,-2034.4847,-4714.3731,1358.7341,-3355.639
74,-3143.9318,-1534.9904,0,3390.62,-2032.2792,-4678.9222,1358.3408,-3320.5814
75,-3172.8984,-1539.4159,0,3390.242,-2031.8141,-4712.3143,1358.4279,-3353.8864
76,-3164.4021,-1539.6258,0,3391.8154,-2019.8514,-4704.0279,1371.964,-3332.0639
77,-3165.7253,-1541.7423,0,3392.4155,-2034.0106,-4707.4676,1358.4049,-3349.0627
78,-3192.3623,-1537.0773,0,3393.5684,-2036.1829,-4729.4396,1357.3855,-3372.0541
79,-3191.7879,-1536.2696,0,3388.593,-2036.1726,-4728.0575,1352.4204,-3375.6371
80,-3172.9811,-1539.7641,0,3396.4365,-2043.1787,-4712.7452,1353.2578,-3359.4874
81,-3204.9575,-1538.3412,0,3386.8117,-2027.5451,-4743.2987,1359.2666,-3384.0321
82,-3165.3601,-1538.6471,0,3402.4419,-2042.457,-4704.0072,1359.9849,-3344.0223
83,-3146.1514,-1540.7136,0,3394.5465,-2039.547,-4686.865,1354.9995,-3331.8655
84,-3203.8055,-1536.4115,0,3395.9687,-2043.0307,-4740.217,1352.938,-3387.279
85,-3140.1876,-1544.2997,0,3402.527,-2053.0289,-4684.4873,1349.4981,-3334.9892
86,-3136.2915,-1542.0003,0,3404.7572,-2062.5248,-4678.2918,1342.2324,-3336.0594
87,-3132.5552,-1540.0909,0,3412.6196,-2072.0124,-4672.6461,1340.6072,-3332.0389
88,-3103.0555,-1536.9444,0,3421.1908,-2077.3931,-4639.9999,1343.7977,-3296.2022
89,-3174.6907,-1536.7329,0,3408.7168,-2064.4014,-4711.4236,1344.3154,-3367.1082
90,-3163.1257,-1535.253,0,3407.0866,-2060.5794,-4698.3787,1346.5072,-3351.8715
91,-3184.5436,-1535.9044,0,3389.1316,-2040.5541,-4720.448,1348.5775,-3371.8705
92,-3175.3529,-1542.5006,0,3398.7234,-2048.047,-4717.8535,1350.6764,-3367.1771
93,-3150.6363,-1538.6828,0,3405.3715,-2064.427,-4689.3191,1340.9445,-3348.3746
94,-3153.9659,-1537.4275,0,3407.9088,-2044.6661,-4691.3934,1363.2427,-3328.1507
95,-3173.9422,-1538.4973,0,3391.7871,-2040.4083,-4712.4395,1351.3788,-3361.0607
96,-3145.6969,-1540.3508,0,3407.4032,-2055.4967,-4686.0477,1351.9065,-3334.1412
97,-3185.8091,-1540.5869,0,3395.7608,-2044.8381,-4726.396,1350.9227,-3375.4733
98,-3168.1338,-1538.3372,0,3378.4437,-2033.7429,-4706.471,1344.7008,-3361.7702
99,-3188.8292,-1535.9318,0,3393.7999,-2035.2443,-4724.761,1358.5556,-3366.2054
100,-3186.9881,-1533.1281,0,3403.5665,-2038.1882,-4720.1162,1365.3783,-3354.7379
101,-3192.8165,-1535.4621,0,3388.5268,-2033.6503,-4728.2786,1354.8765,-3373.4021
102,-3174.321,-1537.5046,0,3388.6969,-2031.5335,-4711.8256,1357.1634,-3354.6622
103,-3213.906,-1534.161,0,3386.5801,-2036.9259,-4748.067,1349.6542,-3398.4128
104,-3207.9277,-1531.3448,0,3384.6854,-2022.751,-4739.2725,1361.9344,-3377.3381
105,-3265.4989,-1536.9218,0,3375.5662,-2017.0928,-4802.4207,1358.4734,-3443.9473
106,-3233.6736,-1536.2717,0,3374.8007,-2012.555,-4769.9453,1362.2457,-3407.6996
107,-3208.6385,-1538.9594,0,3381.5716,-2023.1652,-4747.5979,1358.4064,-3389.1915
108,-3220.6317,-1535.5371,0,3381.9685,-2017.3101,-4756.1688,1364.6584,-3391.5104
109,-3181.1407,-1541.3606,0,3387.5157,-2025.5178,-4722.5013,1361.9979,-3360.5034
110,-3175.9328,-1541.2548,0,3382.4599,-2019.0083,-4717.1876,1363.4516,-3353.736
111,-3164.9201,-1531.207,0,3378.9351,-2022.537,-4696.1271,1356.3981,-3339.729
112,-3174.6748,-1533.5567,0,3383.7121,-2015.827,-4708.2315,1367.8851,-3340.3464
113,-3179.8018,-1534.34,0,3392.0469,-2031.855,-4714.1418,1360.1919,-3353.9499
114,-3179.0485,-1533.6449,0,3414.0891,-2055.4849,-4712.6934,1358.6042,-3354.0892
115,-3199.4272,-1535.3557,0,3411.9865,-2047.4711,-4734.7829,1364.5154,-3370.2675
116,-3170.7074,-1537.3917,0,3398.3879,-2037.083,-4708.0991,1361.3049,-3346.7942
117,-3199.7058,-1538.4297,0,3398.7423,-2030.3386,-4738.1355,1368.4037,-3369.7318
118,-3170.2264,-1542.4966,0,3380.4613,-2032.0981,-4712.723,1348.3632,-3364.3598
119,-3155.7048,-1541.7022,0,3386.6794,-2034.586,-4697.407,1352.0934,-3345.3136
120,-3169.6963,-1539.8855,0,3396.9988,-2045.1876,-4709.5818,1351.8112,-3357.7706
121,-3198.8338,-1541.7249,0,3395.7703,-2028.8101,-4740.5587,1366.9602,-3373.5985
122,-3163.6763,-1542.6778,0,3400.7079,-2037.9784,-4706.3541,1362.7295,-3343.6246
123,-3192.7756,-1546.3163,0,3385.8336,-2026.9997,-4739.0919,1358.8339,-3380.258
124,-3216.039,-1542.559,0,3403.3066,-2027.1586,-4758.598,1376.148,-3382.45
125,-3194.6268,-1545.7642,0,3389.434,-2025.0463,-4740.391,1364.3877,-3376.0033
126,-3185.4316,-1544.5727,0,3397.5658,-2033.4638,-4730.0043,1364.102,-3365.9023
127,-3212.7037,-1541.0347,0,3381.17,-2021.7187,-4753.7384,1359.4513,-3394.2871
128,-3208.3985,-1538.2659,0,3369.3481,-2008.8917,-4746.6644,1360.4564,-3386.208
129,-3214.7263,-1538.8174,0,3373.1942,-2015.2486,-4753.5437,1357.9456,-3395.5981
130,-3185.2029,-1538.6051,0,3377.9759,-2018.9694,-4723.808,1359.0065,-3364.8015
131,-3179.6462,-1538.754,0,3396.2947,-2040.3023,-4718.4002,1355.9924,-3362.4078
132,-3202.6464,-1543.9198,0,3365.3412,-2003.8622,-4746.5662,1361.479,-3385.0872
133,-3165.3696,-1545.4031,0,3380.7873,-2019.5098,-4710.7727,1361.2775,-3349.4952
134,-3157.3617,-1541.881,0,3370.8034,-2011.1106,-4699.2427,1359.6928,-3339.5499
135,-3182.5915,-1544.1168,0,3385.5595,-2022.9089,-4726.7083,1362.6506,-3364.0577
136,-3214.8823,-1538.3114,0,3367.992,-2010.7838,-4753.1937,1357.2082,-3395.9855
137,-3150.4639,-1541.0806,0,3379.1619,-2018.6847,-4691.5445,1360.4772,-3331.0673
138,-3171.6983,-1538.6371,0,3382.7151,-2017.4777,-4710.3354,1365.2374,-3345.098
139,-3187.4476,-1537.9803,0,3371.7153,-2017.898,-4725.4279,1353.8173,-3371.6106
140,-3160.8704,-1544.7335,0,3382.7718,-2012.0633,-4705.6039,1370.7085,-3334.8954
141,-3128.9438,-1545.6423,0,3398.662,-2046.8484,-4674.5861,1351.8136,-3322.7725
142,-3205.3572,-1542.7216,0,3376.8561,-2018.2137,-4748.0788,1358.6424,-3389.4364
143,-3162.3748,-1545.0532,0,3370.7797,-2019.512,-4707.428,1351.2677,-3356.1603
144,-3193.6303,-1544.2334,0,3385.0398,-2031.5136,-4737.8637,1353.5262,-3384.3375
145,-3195.7797,-1543.5243,0,3385.2855,-2016.7852,-4739.304,1368.5003,-3370.8037
146,-3185.9198,-1540.8502,0,3380.1541,-2015.2608,-4726.77,1364.8933,-3361.8767
147,-3165.1709,-1541.7808,0,3381.0802,-2020.6927,-4706.9517,1360.3875,-3346.5642
148,-3158.9813,-1540.9042,0,3380.5038,-2022.4493,-4699.8855,1358.0545,-3341.831
149,-3168.8333,-1544.2351,0,3382.8521,-2019.7177,-4713.0684,1363.1344,-3349.934
150,-3182.6596,-1544.6826,0,3366.187,-2011.0519,-4727.3422,1355.1351,-3372.2071
151,-3197.1132,-1548.4077,0,3378.3917,-2030.482,-4745.5209,1347.9097,-3397.6112
152,-3197.2147,-1541.0607,0,3387.9882,-2026.5213,-4738.2754,1361.4669,-3376.8085
153,-3174.0425,-1545.0688,0,3395.9593,-2034.1547,-4719.1113,1361.8046,-3357.3067
154,-3223.2437,-1535.8671,0,3378.6705,-2010.1898,-4759.1108,1368.4807,-3390.6301
155,-3188.2695,-1542.3797,0,3372.528,-2018.3989,-4730.6492,1354.1291,-3376.5201
156,-3136.5034,-1549.5105,0,3386.9912,-2035.6639,-4686.0139,1351.3273,-3334.6866
157,-3165.7497,-1547.1259,0,3392.0044,-2035.864,-4712.8756,1356.1404,-3356.7352
158,-3165.5083,-1542.2702,0,3388.0921,-2035.2981,-4707.7785,1352.794,-3354.9845
159,-3140.5821,-1545.6049,0,3384.109,-2039.0191,-4686.187,1345.0899,-3341.0971
160,-3175.4422,-1540.5895,0,3392.8833,-2051.0598,-4716.0317,1341.8235,-3374.2082
161,-3178.838,-1543.9355,0,3399.2526,-2051.6188,-4722.7735,1347.6338,-3375.1397
162,-3134.5422,-1543.8243,0,3395.9545,-2044.0641,-4678.3665,1351.8904,-3326.4761
163,-3198.0658,-1538.2504,0,3400.1456,-2046.9229,-4736.3162,1353.2227,-3383.0935
164,-3180.2055,-1549.1818,0,3379.9982,-2032.3419,-4729.3873,1347.6563,-3381.731
165,-3179.0313,-1541.8324,0,3394.6363,-2039.463,-4720.8637,1355.1733,-3365.6904
166,-3189.5871,-1544.104,0,3394.2771,-2038.7806,-4733.6911,1355.4965,-3378.1946
167,-3136.6089,-1543.536,0,3389.4907,-2029.9607,-4680.1449,1359.53,-3320.6149
168,-3189.0748,-1543.567,0,3386.4856,-2026.3535,-4732.6418,1360.1321,-3372.5097
169,-3136.583,-1541.1268,0,3384.4728,-2025.229,-4677.7098,1359.2438,-3318.466
170,-3192.9166,-1539.1964,0,3393.1054,-2032.6036,-4732.113,1360.5018,-3371.6112
171,-3173.8473,-1535.6777,0,3390.0672,-2034.4732,-4709.525,1355.594,-3353.931
172,-3210.7421,-1537.1139,0,3382.3465,-2024.619,-4747.856,1357.7275,-3390.1285
173,-3165.537,-1545.4511,0,3392.2407,-2038.6981,-4710.9881,1353.5426,-3357.4455
174,-3183.2813,-1541.823,0,3391.0405,-2037.4175,-4725.1043,1353.623,-3371.4813
175,-3194.2499,-1541.985,0,3396.3231,-2039.6871,-4736.2349,1356.636,-3379.5989
176,-3199.7181,-1546.2075,0,3385.1721,-2037.8308,-4745.9256,1347.3413,-3398.5843
177,-3180.0644,-1542.5699,0,3391.9288,-2047.2344,-4722.6343,1344.6944,-3377.9399
178,-3137.1533,-1544.0677,0,3401.7285,-2052.944,-4681.221,1348.7845,-3332.4365
179,-3177.0749,-1546.0331,0,3388.5032,-2037.9441,-4723.108,1350.5591,-3372.5489
180,-3183.5445,-1543.6273,0,3393.0439,-2040.0494,-4727.1718,1352.9945,-3374.1773
181,-3155.8106,-1540.525,0,3397.6839,-2036.7753,-4696.3356,1360.9086,-3335.427
182,-3196.7752,-1543.9596,0,3388.078,-2033.7849,-4740.7348,1354.2931,-3386.4417
183,-3147.2887,-1541.4745,0,3395.1418,-2046.1956,-4688.7632,1348.9462,-3339.817
184,-3188.9533,-1541.1669,0,3378.1602,-2028.4472,-4730.1202,1349.713,-3380.4072
185,-3161.8256,-1542.0479,0,3392.5384,-2044.7616,-4703.8735,1347.7768,-3356.0967
186,-3162.7316,-1544.7714,0,3402.6404,-2044.1953,-4707.503,1358.4451,-3349.0579
187,-3156.4872,-1543.6932,0,3398.2178,-2049.6658,-4700.1804,1348.552,-3351.6284
188,-3151.5579,-1547.5124,0,3389.401,-2049.3932,-4699.0703,1340.0078,-3359.0625
189,-3184.8149,-1541.9666,0,3398.9644,-2052.7575,-4726.7815,1346.2069,-3380.5746
190,-3181.5549,-1543.3304,0,3391.9761,-2042.448,-4724.8853,1349.5281,-3375.3572
191,-3171.9679,-1542.0623,0,3393.4739,-2040.0283,-4714.0302,1353.4456,-3360.5846
192,-3190.7208,-1541.1285,0,3392.2596,-2048.977,-4731.8493,1343.2826,-3388.5667
193,-3159.3895,-1539.2764,0,3396.7531,-2043.8574,-4698.6659,1352.8957,-3345.7702
194,-3159.9964,-1548.7324,0,3367.8927,-2018.4933,-4708.7288,1349.3994,-3359.3294
195,-3188.4672,-1540.4231,0,3382.9135,-2029.8089,-4728.8903,1353.1046,-3375.7857
196,-3183.5665,-1541.8828,0,3394.9387,-2049.3937,-4725.4493,1345.545,-3379.9043
197,-3168.4755,-1543.2471,0,3387.6763,-2037.6707,-4711.7226,1350.0056,-3361.717
198,-3168.6773,-1545.7342,0,3403.0184,-2053.7026,-4714.4115,1349.3158,-3365.0957
199,-3180.8867,-1546.4748,0,3398.232,-2054.2267,-4727.3615,1344.0053,-3383.3562
,,,,,,,,
Receptor Energy Terms,,,,,,,,
Frame #,VDWAALS,EEL,EPB,ENPOLAR,EDISPER,G gas,G solv,TOTAL
0,-3077.1526,-1543.5652,0,3382.7576,-2071.3725,-4620.7178,1311.3851,-3309.3327
1,-3094.3221,-1545.8144,0,3380.0974,-2055.751,-4640.1365,1324.3464,-3315.7901
2,-3111.4616,-1540.6335,0,3408.7215,-2096.6324,-4652.0951,1312.0891,-3340.006
3,-3118.4572,-1544.1093,0,3382.1386,-2062.8981,-4662.5665,1319.2405,-3343.326
4,-3107.6325,-1542.2245,0,3380.792,-2060.7101,-4649.857,1320.0819,-3329.7751
5,-3098.1531,-1540.9808,0,3378.6799,-2056.2692,-4639.1339,1322.4107,-3316.7232
6,-3104.3595,-1539.5509,0,3386.462,-2074.618,-4643.9104,1311.844,-3332.0664
7,-3137.1218,-1540.722,0,3390.4121,-2074.4421,-4677.8438,1315.97,-3361.8738
8,-3077.9514,-1541.7554,0,3385.6824,-2069.1053,-4619.7068,1316.5771,-3303.1297
9,-3088.2686,-1541.0184,0,3381.4062,-2057.4638,-4629.287,1323.9424,-3305.3446
10,-3111.2388,-1544.4039,0,3378.6374,-2054.2397,-4655.6427,1324.3977,-3331.245
11,-3103.666,-1548.0405,0,3371.2853,-2051.2855,-4651.7065,1319.9998,-3331.7067
12,-3069.0321,-1543.7663,0,3386.6652,-2074.9243,-4612.7984,1311.7409,-3301.0575
13,-3115.668,-1544.0128,0,3382.8238,-2074.18,-4659.6808,1308.6438,-3351.037
14,-3110.5873,-1549.9232,0,3394.3528,-2085.7379,-4660.5105,1308.6149,-3351.8956
15,-3092.2711,-1541.8393,0,3399.9519,-2075.0118,-4634.1104,1324.9401,-3309.1703
16,-3083.6956,-1546.0145,0,3391.05,-2064.7613,-4629.7101,1326.2887,-3303.4214
17,-3083.2262,-1544.5774,0,3390.3601,-2064.5068,-4627.8036,1325.8533,-3301.9503
18,-3103.2237,-1549.6634,0,3379.7667,-2058.078,-4652.8871,1321.6887,-3331.1984
19,-3083.6583,-1545.6525,0,3394.5984,-2067.4984,-4629.3108,1327.1,-3302.2108
20,-3129.6088,-1542.393,0,3380.4802,-2060.5903,-4672.0018,1319.8899,-3352.1119
21,-3093.9541,-1550.1032,0,3379.8706,-2061.1734,-4644.0573,1318.6972,-3325.3601
22,-3092.5647,-1548.7147,0,3394.6457,-2079.803,-4641.2794,1314.8427,-3326.4367
23,-3139.1389,-1548.3287,0,3367.6187,-2045.6325,-4687.4676,1321.9862,-3365.4814
24,-3091.9738,-1544.9827,0,3377.3286,-2053.3206,-4636.9565,1324.008,-3312.9485
25,-3105.3775,-1551.7216,0,3369.2961,-2049.9777,-4657.0991,1319.3184,-3337.7807
26,-3152.7068,-1544.0705,0,3362.544,-2029.9346,-4696.7773,1332.6094,-3364.1679
27,-3125.7635,-1547.8198,0,3370.9734,-2042.4805,-4673.5833,1328.4929,-3345.0904
28,-3122.6551,-1545.8548,0,3381.6661,-2055.4843,-4668.5099,1326.1818,-3342.3281
29,-3115.4904,-1543.7734,0,3364.0041,-2027.1161,-4659.2638,1336.888,-3322.3758
30,-3128.3872,-1545.975,0,3354.9557,-2025.3107,-4674.3622,1329.645,-3344.7172
31,-3121.7168,-1539.664,0,3372.0319,-2049.7298,-4661.3808,1322.3021,-3339.0787
32,-3099.5047,-1548.6502,0,3352.8578,-2025.3949,-4648.1549,1327.4629,-3320.692
33,-3116.1324,-1546.0074,0,3362.7614,-2030.8985,-4662.1398,1331.8629,-3330.2769
34,-3113.1468,-1549.3609,0,3350.9206,-2029.7111,-4662.5077,1321.2095,-3341.2982
35,-3114.4958,-1548.7041,0,3377.5885,-2058.7905,-4663.1999,1318.798,-3344.4019
36,-3083.6803,-1553.6844,0,3385.3044,-2066.5719,-4637.3647,1318.7325,-3318.6322
37,-3118.6396,-1549.1753,0,3370.4443,-2042.9285,-4667.8149,1327.5158,-3340.2991
38,-3100.4571,-1546.4533,0,3372.6697,-2055.5427,-4646.9104,1317.127,-3329.7834
39,-3116.5023,-1548.2463,0,3368.044,-2046.2442,-4664.7486,1321.7998,-3342.9488
40,-3094.7233,-1545.5341,0,3350.0323,-2027.1212,-4640.2574,1322.9111,-3317.3463
41,-3107.3981,-1551.1372,0,3360.2666,-2034.4013,-4658.5353,1325.8653,-3332.67
42,-3108.5745,-1548.3429,0,3355.1683,-2027.9017,-4656.9174,1327.2666,-3329.6508
43,-3155.6704,-1552.1161,0,3352.1065,-2035.5328,-4707.7865,1316.5737,-3391.2128
44,-3154.6294,-1543.0346,0,3351.7522,-2017.9967,-4697.664,1333.7555,-3363.9085
45,-3150.1166,-1542.5479,0,3350.7174,-2015.3583,-4692.6645,1335.3591,-3357.3054
46,-3154.407,-1547.4383,0,3358.8727,-2033.8674,-4701.8453,1325.0053,-3376.84
47,-3101.4371,-1541.3192,0,3372.8965,-2043.284,-4642.7563,1329.6125,-3313.1438
48,-3110.5018,-1542.0558,0,3381.7984,-2055.6034,-4652.5576,1326.195,-3326.3626
49,-3106.7308,-1552.0461,0,3369.1591,-2052.5732,-4658.7769,1316.5859,-3342.191
50,-3165.6406,-1548.4355,0,3371.9704,-2058.1009,-4714.0761,1313.8695,-3400.2066
51,-3109.3914,-1549.1836,0,3362.1613,-2046.3547,-4658.575,1315.8066,-3342.7684
52,-3122.5801,-1547.4784,0,3371.8428,-2046.6421,-4670.0585,1325.2007,-3344.8578
53,-3090.6581,-1546.5078,0,3372.8493,-2057.3081,-4637.1659,1315.5412,-3321.6247
54,-3126.0883,-1549.4242,0,3365.7334,-2047.3978,-4675.5125,1318.3356,-3357.1769
55,-3105.1632,-1546.994,0,3386.7975,-2066.0346,-4652.1572,1320.7629,-3331.3943
56,-3108.9585,-1544.6011,0,3372.4382,-2045.465,-4653.5596,1326.9732,-3326.5864
57,-3126.4066,-1545.872,0,3358.7452,-2039.2749,-4672.2786,1319.4703,-3352.8083
58,-3125.3724,-1541.7449,0,3361.2636,-2051.0322,-4667.1173,1310.2314,-3356.8859
59,-3129.9727,-1546.6945,0,3374.8857,-2061.3795,-4676.6672,1313.5062,-3363.161
60,-3094.0826,-1545.2416,0,3375.2968,-2056.7926,-4639.3242,1318.5042,-3320.82
61,-3058.8663,-1549.8411,0,3377.7633,-2060.5195,-4608.7074,1317.2438,-3291.4636
62,-3122.4417,-1545.1436,0,3380.0549,-2066.9861,-4667.5853,1313.0688,-3354.5165
63,-3117.2261,-1548.7697,0,3385.706,-2069.0357,-4665.9958,1316.6703,-3349.3255
64,-3071.2422,-1551.7315,0,3381.6519,-2063.1048,-4622.9737,1318.5471,-3304.4266
65,-3117.085,-1542.2113,0,3384.0286,-2062.701,-4659.2963,1321.3276,-3337.9687
66,-3120.7055,-1542.4402,0,3394.9765,-2063.8765,-4663.1457,1331.1,-3332.0457
67,-3054.2177,-1550.2332,0,3388.1016,-2073.7812,-4604.4509,1314.3204,-3290.1305
68,-3101.9835,-1541.8368,0,3385.999,-2075.7886,-4643.8203,1310.2104,-3333.6099
69,-3106.0492,-1548.1965,0,3382.4741,-2057.2456,-4654.2457,1325.2285,-3329.0172
70,-3116.5303,-1545.1449,0,3396.6916,-2076.4758,-4661.6752,1320.2158,-3341.4594
71,-3048.3115,-1553.8531,0,3383.4664,-2067.1342,-4602.1646,1316.3322,-3285.8324
72,-3065.4111,-1549.8653,0,3390.242,-2069.5962,-4615.2764,1320.6458,-3294.6306
73,-3115.2094,-1541.6075,0,3382.8616,-2054.948,-4656.8169,1327.9136,-3328.9033
74,-3072.81,-1545.4622,0,3379.932,-2051.8825,-4618.2722,1328.0495,-3290.2227
75,-3102.2645,-1549.885,0,3379.3981,-2050.4525,-4652.1495,1328.9456,-3323.2039
76,-3100.7683,-1549.6014,0,3382.3324,-2038.5031,-4650.3697,1343.8293,-3306.5404
77,-3090.6369,-1552.4277,0,3382.3843,-2056.131,-4643.0646,1326.2533,-3316.8113
78,-3121.4583,-1547.5644,0,3384.0475,-2057.2734,-4669.0227,1326.7741,-3342.2486
79,-3125.1054,-1546.6944,0,3379.1619,-2053.7433,-4671.7998,1325.4186,-3346.3812
80,-3106.7928,-1549.7992,0,3386.977,-2061.496,-4656.592,1325.481,-3331.111
81,-3133.8351,-1548.9749,0,3377.0923,-2047.8,-4682.81,1329.2923,-3353.5177
82,-3095.5503,-1548.9373,0,3391.7398,-2062.2457,-4644.4876,1329.4941,-3314.9935
83,-3081.9862,-1550.8637,0,3384.1184,-2059.4539,-4632.8499,1324.6645,-3308.1854
84,-3133.7045,-1546.2279,0,3385.8336,-2061.7601,-4679.9324,1324.0735,-3355.8589
85,-3066.8761,-1554.4521,0,3391.858,-2072.4584,-4621.3282,1319.3996,-3301.9286
86,-3061.8412,-1551.6641,0,3395.6096,-2082.017,-4613.5053,1313.5926,-3299.9127
87,-3061.0091,-1549.7902,0,3402.9145,-2090.9075,-4610.7993,1312.007,-3298.7923
88,-3034.4281,-1547.3962,0,3409.4066,-2097.0411,-4581.8243,1312.3655,-3269.4588
89,-3105.6117,-1547.0194,0,3399.2904,-2081.5785,-4652.6311,1317.7119,-3334.9192
90,-3089.4827,-1545.8904,0,3398.0288,-2080.7459,-4635.3731,1317.2829,-3318.0902
91,-3109.5524,-1545.826,0,3380.9196,-2059.4169,-4655.3784,1321.5027,-3333.8757
92,-3104.176,-1552.7319,0,3389.3443,-2068.1807,-4656.9079,1321.1636,-3335.7443
93,-3077.919,-1548.3222,0,3395.8033,-2083.2063,-4626.2412,1312.597,-3313.6442
94,-3085.9891,-1547.8133,0,3397.8871,-2063.6944,-4633.8024,1334.1927,-3299.6097
95,-3104.8527,-1548.5472,0,3380.5274,-2060.9387,-4653.3999,1319.5887,-3333.8112
96,-3073.0234,-1550.4063,0,3398.0005,-2074.1249,-4623.4297,1323.8756,-3299.5541
97,-3111.3203,-1550.4159,0,3386.0509,-2064.2746,-4661.7362,1321.7763,-3339.9599
98,-3094.6842,-1548.2047,0,3367.4722,-2053.0955,-4642.8889,1314.3767,-3328.5122
99,-3121.7914,-1545.6181,0,3384.2082,-2055.3642,-4667.4095,1328.844,-3338.5655
100,-3110.5268,-1543.2818,0,3393.9936,-2057.3078,-4653.8086,1336.6858,-3317.1228
101,-3120.5709,-1545.3614,0,3377.4325,-2053.533,-4665.9323,1323.8995,-3342.0328
102,-3099.9717,-1547.8006,0,3378.5807,-2051.1973,-4647.7723,1327.3834,-3320.3889
103,-3140.0944,-1544.1202,0,3377.3333,-2055.0769,-4684.2146,1322.2564,-3361.9582
104,-3136.8425,-1541.0474,0,3373.6053,-2042.7869,-4677.8899,1330.8184,-3347.0715
105,-3191.3122,-1547.291,0,3366.1965,-2035.759,-4738.6032,1330.4375,-3408.1657
106,-3163.5964,-1545.7747,0,3364.7317,-2032.3644,-4709.3711,1332.3673,-3377.0038
107,-3136.1267,-1548.9915,0,3371.0302,-2041.8518,-4685.1182,1329.1784,-3355.9398
108,-3155.3713,-1545.6931,0,3372.1831,-2036.4426,-4701.0644,1335.7405,-3365.3239
109,-3113.2497,-1550.9205,0,3378.061,-2045.7706,-4664.1702,1332.2904,-3331.8798
110,-3103.5859,-1551.3066,0,3372.9769,-2036.7728,-4654.8925,1336.2041,-3318.6884
111,-3097.157,-1541.4477,0,3367.5526,-2042.2293,-4638.6047,1325.3233,-3313.2814
112,-3100.8405,-1543.2697,0,3374.5267,-2034.7048,-4644.1102,1339.8219,-3304.2883
113,-3110.1661,-1544.5193,0,3382.0063,-2050.5727,-4654.6854,1331.4336,-3323.2518
114,-3104.549,-1543.7265,0,3404.2327,-2075.2803,-4648.2755,1328.9524,-3319.3231
115,-3127.6324,-1544.7998,0,3401.6812,-2066.3483,-4672.4322,1335.3329,-3337.0993
116,-3105.3774,-1547.6432,0,3387.3361,-2056.375,-4653.0206,1330.9611,-3322.0595
117,-3133.0732,-1547.9414,0,3388.5221,-2047.748,-4681.0146,1340.7741,-3340.2405
118,-3100.1742,-1552.7131,0,3370.397,-2050.8017,-4652.8873,1319.5953,-3333.292
119,-3094.4835,-1551.3663,0,3376.4119,-2053.4456,-4645.8498,1322.9663,-3322.8835
120,-3096.254,-1549.9981,0,3387.6527,-2062.5118,-4646.2521,1325.1409,-3321.1112
121,-3129.2374,-1551.8056,0,3385.7816,-2047.6273,-4681.043,1338.1543,-3342.8887
122,-3093.5876,-1553.2249,0,3391.2721,-2058.7234,-4646.8125,1332.5487,-3314.2638
123,-3116.7027,-1556.238,0,3376.6151,-2045.2969,-4672.9407,1331.3182,-3341.6225
124,-3147.705,-1552.6551,0,3392.7321,-2046.8883,-4700.3601,1345.8438,-3354.5163
125,-3122.5074,-1556.1286,0,3380.5416,-2044.9498,-4678.636,1335.5918,-3343.0442
126,-3110.5718,-1554.7701,0,3389.0135,-2052.056,-4665.3419,1336.9575,-3328.3844
127,-3141.7981,-1551.3171,0,3372.0082,-2040.1529,-4693.1152,1331.8553,-3361.2599
128,-3136.8649,-1548.3281,0,3359.6807,-2027.1762,-4685.193,1332.5045,-3352.6885
129,-3143.1865,-1548.8264,0,3364.5049,-2034.2513,-4692.0129,1330.2536,-3361.7593
130,-3112.7647,-1548.8801,0,3368.0392,-2038.1057,-4661.6448,1329.9335,-3331.7113
131,-3107.1807,-1549.1304,0,3386.3628,-2058.9779,-4656.3111,1327.3849,-3328.9262
132,-3131.9179,-1554.3273,0,3355.5274,-2020.81,-4686.2452,1334.7174,-3351.5278
133,-3094.4537,-1555.819,0,3371.0821,-2039.6198,-4650.2727,1331.4623,-3318.8104
134,-3079.1685,-1551.9475,0,3362.7189,-2030.3154,-4631.116,1332.4035,-3298.7125
135,-3112.1519,-1554.2722,0,3375.3016,-2040.556,-4666.4241,1334.7456,-3331.6785
136,-3143.9732,-1548.6815,0,3356.6,-2029.8415,-4692.6547,1326.7585,-3365.8962
137,-3079.8846,-1551.5232,0,3369.1449,-2036.5244,-4631.4078,1332.6205,-3298.7873
138,-3104.5588,-1548.7574,0,3372.4949,-2035.8381,-4653.3162,1336.6568,-3316.6594
139,-3117.8962,-1548.6782,0,3361.1644,-2037.0538,-4666.5744,1324.1106,-3342.4638
140,-3089.1489,-1554.726,0,3371.7295,-2030.7558,-4643.8749,1340.9737,-3302.9012
141,-3063.4909,-1555.8438,0,3387.0715,-2064.6588,-4619.3347,1322.4127,-3296.922
142,-3131.8784,-1552.6377,0,3367.0281,-2037.8023,-4684.5161,1329.2258,-3355.2903
143,-3089.1106,-1555.0668,0,3359.8036,-2039.4208,-4644.1774,1320.3828,-3323.7946
144,-3119.119,-1554.0719,0,3375.4527,-2048.6859,-4673.1909,1326.7668,-3346.4241
145,-3124.3598,-1553.6104,0,3375.3346,-2036.4594,-4677.9702,1338.8752,-3339.095
146,-3115.2248,-1551.1055,0,3370.4584,-2035.2691,-4666.3303,1335.1893,-3331.141
147,-3090.6722,-1552.2029,0,3370.671,-2040.9459,-4642.8751,1329.7251,-3313.15
148,-3092.7682,-1550.8209,0,3370.7088,-2039.6208,-4643.5891,1331.088,-3312.5011
149,-3103.9794,-1554.2484,0,3371.5121,-2038.1055,-4658.2278,1333.4066,-3324.8212
150,-3110.4499,-1555.0354,0,3355.5511,-2027.8689,-4665.4853,1327.6822,-3337.8031
151,-3126.8351,-1558.6126,0,3368.6724,-2048.1571,-4685.4477,1320.5153,-3364.9324
152,-3129.1524,-1551.1119,0,3377.7255,-2044.9198,-4680.2643,1332.8057,-3347.4586
153,-3106.4274,-1555.276,0,3384.6523,-2053.1123,-4661.7034,1331.54,-3330.1634
154,-3155.3348,-1545.8331,0,3368.4361,-2027.6892,-4701.1679,1340.7469,-3360.421
155,-3121.2619,-1552.5484,0,3362.7047,-2036.836,-4673.8103,1325.8687,-3347.9416
156,-3066.0947,-1559.9481,0,3377.0167,-2052.7383,-4626.0428,1324.2784,-3301.7644
157,-3090.1157,-1557.1696,0,3381.8221,-2054.8834,-4647.2853,1326.9387,-3320.3466
158,-3098.8356,-1552.1815,0,3376.8183,-2052.2011,-4651.0171,1324.6172,-3326.3999
159,-3073.053,-1555.8418,0,3374.3613,-2057.7854,-4628.8948,1316.5759,-3312.3189
160,-3102.8882,-1550.6648,0,3382.9608,-2069.4569,-4653.553,1313.5039,-3340.0491
161,-3104.64,-1554.0651,0,3389.3632,-2070.6511,-4658.7051,1318.7121,-3339.993
162,-3060.774,-1554.1332,0,3385.9092,-2062.6846,-4614.9072,1323.2246,-3291.6826
163,-3128.3856,-1548.5634,0,3389.2781,-2066.4468,-4676.949,1322.8313,-3354.1177
164,-3110.5536,-1559.2188,0,3369.1496,-2053.2319,-4669.7724,1315.9177,-3353.8547
165,-3104.2509,-1551.8962,0,3384.0097,-2059.2675,-4656.1471,1324.7422,-3331.4049
166,-3117.7745,-1553.7192,0,3384.5815,-2057.9084,-4671.4937,1326.6731,-3344.8206
167,-3067.5128,-1553.6124,0,3378.4295,-2050.1248,-4621.1252,1328.3047,-3292.8205
168,-3116.6324,-1553.4533,0,3377.4656,-2046.4304,-4670.0857,1331.0352,-3339.0505
169,-3064.1196,-1551.2581,0,3374.744,-2046.8723,-4615.3777,1327.8717,-3287.506
170,-3122.4572,-1549.3489,0,3382.3891,-2052.9334,-4671.8061,1329.4557,-3342.3504
171,-3100.129,-1546.0244,0,3380.7353,-2055.8033,-4646.1534,1324.932,-3321.2214
172,-3140.5638,-1546.9421,0,3372.9769,-2043.2642,-4687.5059,1329.7127,-3357.7932
173,-3089.5457,-1555.7098,0,3382.8285,-2058.5811,-4645.2555,1324.2474,-3321.0081
174,-3109.7756,-1551.7508,0,3381.3779,-2057.2726,-4661.5264,1324.1053,-3337.4211
175,-3124.2186,-1551.9821,0,3385.5784,-2059.3736,-4676.2007,1326.2048,-3349.9959
176,-3127.738,-1556.229,0,3374.9519,-2055.5857,-4683.967,1319.3662,-3364.6008
177,-3110.1438,-1552.7496,0,3380.6455,-2066.2495,-4662.8934,1314.396,-3348.4974
178,-3065.9151,-1554.4146,0,3391.4658,-2072.6837,-4620.3297,1318.7821,-3301.5476
179,-3105.2681,-1556.1655,0,3377.8389,-2056.5645,-4661.4336,1321.2744,-3340.1592
180,-3112.5092,-1553.5737,0,3382.1056,-2058.429,-4666.0829,1323.6766,-3342.4063
181,-3087.2403,-1550.6736,0,3387.648,-2055.7426,-4637.9139,1331.9054,-3306.0085
182,-3126.983,-1554.2422,0,3377.3522,-2054.5612,-4681.2252,1322.791,-3358.4342
183,-3080.6969,-1551.9403,0,3383.1167,-2065.8818,-4632.6372,1317.2349,-3315.4023
184,-3118.966,-1551.5606,0,3367.7085,-2047.0082,-4670.5266,1320.7003,-3349.8263
185,-3096.9098,-1552.2482,0,3381.2787,-2062.8676,-4649.158,1318.4111,-3330.7469
186,-3093.1384,-1555.0635,0,3391.7634,-2062.8729,-4648.2019,1328.8905,-3319.3114
187,-3089.0466,-1553.7818,0,3388.2008,-2067.2335,-4642.8284,1320.9673,-3321.8611
188,-3081.8554,-1557.6128,0,3378.2169,-2067.5951,-4639.4682,1310.6218,-3328.8464
189,-3115.7077,-1552.4102,0,3388.5741,-2071.8868,-4668.1179,1316.6873,-3351.4306
190,-3109.5325,-1553.5328,0,3381.874,-2061.2411,-4663.0653,1320.6329,-3342.4324
191,-3100.5359,-1552.8223,0,3383.3057,-2060.6134,-4653.3582,1322.6923,-3330.6659
192,-3121.9948,-1551.2737,0,3381.6803,-2067.482,-4673.2685,1314.1983,-3359.0702
193,-3091.1247,-1548.9957,0,3386.3581,-2062.3717,-4640.1204,1323.9864,-3316.134
194,-3089.0739,-1558.5888,0,3358.627,-2037.3909,-4647.6627,1321.2361,-3326.4266
195,-3119.9615,-1550.38,0,3371.9515,-2048.8614,-4670.3415,1323.0901,-3347.2514
196,-3115.1963,-1552.057,0,3384.468,-2068.2773,-4667.2533,1316.1907,-3351.0626
197,-3105.0713,-1553.5076,0,3376.4781,-2054.3897,-4658.5789,1322.0884,-3336.4905
198,-3098.6656,-1556.308,0,3391.3666,-2072.5528,-4654.9736,1318.8138,-3336.1598
199,-3109.9293,-1556.7436,0,3386.4242,-2073.2801,-4666.6729,1313.1441,-3353.5288
,,,,,,,,
Ligand Energy Terms,,,,,,,,
Frame #,VDWAALS,EEL,EPB,ENPOLAR,EDISPER,G gas,G solv,TOTAL
0,-8.4375,9.3847,0,52.072,-50.9106,0.9472,1.1614,2.1086
1,-5.065,9.2539,0,52.261,-51.8377,4.1889,0.4233,4.6122
2,-8.1505,9.1427,0,52.7524,-51.2282,0.9922,1.5242,2.5164
3,-6.197,9.1287,0,52.4075,-51.4261,2.9317,0.9814,3.9131
4,-5.9753,9.3825,0,52.6437,-51.3794,3.4072,1.2643,4.6715
5,-4.6102,9.3793,0,52.0295,-51.2605,4.7691,0.769,5.5381
6,-7.2087,9.2123,0,52.4028,-51.3742,2.0036,1.0286,3.0322
7,-5.9319,9.2881,0,52.5351,-51.2746,3.3562,1.2605,4.6167
8,-4.4479,9.2458,0,52.0389,-51.4649,4.7979,0.574,5.3719
9,-2.8417,9.3702,0,52.1004,-51.9493,6.5285,0.1511,6.6796
10,-8.1355,9.2145,0,52.3791,-51.1797,1.079,1.1994,2.2784
11,-3.846,8.8816,0,52.4784,-51.413,5.0356,1.0654,6.101
12,-7.6329,9.3955,0,52.4169,-50.9592,1.7626,1.4577,3.2203
13,-6.6975,9.3956,0,52.1193,-50.9263,2.6981,1.193,3.8911
14,-5.935,9.0292,0,52.3461,-51.2785,3.0942,1.0676,4.1618
15,-4.8491,9.1253,0,52.2327,-51.4506,4.2762,0.7821,5.0583
16,-5.8476,9.2996,0,52.0059,-51.4282,3.452,0.5777,4.0297
17,-7.5045,9.1312,0,52.2894,-50.9096,1.6267,1.3798,3.0065
18,-6.1032,9.3863,0,52.3461,-51.4312,3.2831,0.9149,4.198
19,-5.2926,9.1366,0,52.5162,-51.0947,3.844,1.4215,5.2655
20,-3.6824,9.3644,0,52.0578,-51.2246,5.682,0.8332,6.5152
21,-4.5782,9.1673,0,52.6626,-51.2281,4.5891,1.4345,6.0236
22,-7.8328,9.3001,0,52.4075,-51.3108,1.4673,1.0967,2.564
23,-6.3046,9.1793,0,52.4311,-51.1663,2.8747,1.2648,4.1395
24,-5.6025,9.0387,0,52.4358,-51.3136,3.4362,1.1222,4.5584
25,-7.2025,9.5759,0,52.2941,-50.9354,2.3734,1.3587,3.7321
26,-6.1288,9.1084,0,51.9681,-51.2605,2.9796,0.7076,3.6872
27,-7.7341,9.2205,0,52.3461,-51.2902,1.4864,1.0559,2.5423
28,-6.3073,9.2967,0,52.2138,-51.4216,2.9894,0.7922,3.7816
29,-9.5199,9.2034,0,52.5681,-50.6047,-0.3165,1.9634,1.6469
30,-8.6219,9.4436,0,52.3319,-50.6863,0.8217,1.6456,2.4673
31,-8.4728,9.1745,0,52.6532,-50.7559,0.7017,1.8973,2.599
32,-6.9146,9.1959,0,52.4784,-51.3679,2.2813,1.1105,3.3918
33,-6.7605,9.3851,0,52.4311,-51.3288,2.6246,1.1023,3.7269
34,-9.1145,9.2409,0,52.7808,-50.6486,0.1264,2.1322,2.2586
35,-6.1384,9.4257,0,52.4358,-51.6643,3.2873,0.7715,4.0588
36,-6.99,9.4149,0,51.9161,-50.8028,2.4249,1.1133,3.5382
37,-7.2616,9.2952,0,52.1193,-51.1508,2.0336,0.9685,3.0021
38,-7.6661,9.0242,0,52.4075,-51.1247,1.3581,1.2828,2.6409
39,-3.2974,9.3466,0,52.0484,-51.2562,6.0492,0.7922,6.8414
40,-7.392,8.9619,0,52.7477,-51.5618,1.5699,1.1859,2.7558
41,-3.0039,9.6208,0,52.0437,-51.321,6.6169,0.7227,7.3396
42,-6.4594,9.5338,0,52.502,-51.5365,3.0744,0.9655,4.0399
43,-5.55,9.4017,0,52.3177,-51.1999,3.8517,1.1178,4.9695
44,-5.6884,9.1261,0,52.6154,-51.3993,3.4377,1.2161,4.6538
45,-7.7446,9.2426,0,52.45,-51.2473,1.498,1.2027,2.7007
46,-6.7331,9.4288,0,52.45,-50.9351,2.6957,1.5149,4.2106
47,-8.3175,9.1012,0,52.4973,-51.0413,0.7837,1.456,2.2397
48,-7.5516,9.1303,0,52.0484,-50.8661,1.5787,1.1823,2.761
49,-7.4153,9.2539,0,52.3272,-51.2738,1.8386,1.0534,2.892
50,-7.0056,9.2999,0,52.0815,-51.0111,2.2943,1.0704,3.3647
51,-5.9287,9.1298,0,51.7366,-50.9521,3.2011,0.7845,3.9856
52,-7.8125,9.1397,0,52.8516,-51.2709,1.3272,1.5807,2.9079
53,-5.8484,9.4169,0,51.9019,-50.8866,3.5685,1.0153,4.5838
54,-4.5809,9.1988,0,51.8972,-51.2175,4.6179,0.6797,5.2976
55,-5.119,9.4605,0,52.1901,-51.2899,4.3415,0.9002,5.2417
56,-3.9948,9.0762,0,52.1949,-50.8525,5.0814,1.3424,6.4238
57,-5.7065,9.0407,0,51.5381,-50.9435,3.3342,0.5946,3.9288
58,-7.9513,9.3822,0,51.694,-50.6083,1.4309,1.0857,2.5166
59,1.619,8.8278,0,52.176,-51.3373,10.4468,0.8387,11.2855
60,-6.6621,9.1382,0,52.0248,-51.3721,2.4761,0.6527,3.1288
61,-7.1489,9.115,0,52.3744,-51.2968,1.9661,1.0776,3.0437
62,-8.3194,9.2224,0,52.4453,-51.2559,0.903,1.1894,2.0924
63,-6.5291,9.1953,0,52.398,-51.3265,2.6662,1.0715,3.7377
64,-7.6802,9.3746,0,52.2421,-51.0858,1.6944,1.1563,2.8507
65,-5.489,8.8784,0,51.6846,-50.6639,3.3894,1.0207,4.4101
66,-6.0291,9.2955,0,52.261,-51.1309,3.2664,1.1301,4.3965
67,-5.581,9.3021,0,51.7366,-51.4153,3.7211,0.3213,4.0424
68,-6.5388,9.359,0,52.2043,-51.155,2.8202,1.0493,3.8695
69,-7.0678,9.4594,0,51.5286,-51.0751,2.3916,0.4535,2.8451
70,-5.6165,9.2687,0,52.0909,-51.1194,3.6522,0.9715,4.6237
71,-6.2228,9.0947,0,51.9492,-51.1442,2.8719,0.805,3.6769
72,-7.2882,9.3107,0,52.0956,-51.2408,2.0225,0.8548,2.8773
73,-2.6053,9.09,0,52.2279,-51.1295,6.4847,1.0984,7.5831
74,-5.6796,9.0775,0,52.4311,-51.6091,3.3979,0.822,4.2199
75,-6.5313,9.2826,0,51.9019,-51.1069,2.7513,0.795,3.5463
76,-4.4209,9.1081,0,52.0909,-51.3085,4.6872,0.7824,5.4696
77,-6.7629,9.1612,0,52.124,-51.1402,2.3983,0.9838,3.3821
78,-4.746,9.255,0,51.8688,-51.8364,4.509,0.0324,4.5414
79,0.7383,9.0839,0,51.9208,-50.9985,9.8222,0.9223,10.7445
80,-3.5786,9.2987,0,51.9066,-51.4628,5.7201,0.4438,6.1639
81,-5.9425,9.4067,0,52.0862,-51.0907,3.4642,0.9955,4.4597
82,-6.1002,9.2387,0,52.1098,-51.2261,3.1385,0.8837,4.0222
83,-3.9928,9.1176,0,52.1051,-51.2612,5.1248,0.8439,5.9687
84,-5.6366,9.053,0,52.3224,-51.2081,3.4164,1.1143,4.5307
85,-6.9239,9.0863,0,52.6059,-51.4307,2.1624,1.1752,3.3376
86,-7.8994,9.1578,0,52.2327,-51.3478,1.2584,0.8849,2.1433
87,-7.5589,9.1171,0,52.6107,-51.585,1.5582,1.0257,2.5839
88,-6.7279,9.2203,0,52.2846,-51.2374,2.4924,1.0472,3.5396
89,-6.7832,9.3417,0,52.4973,-51.1122,2.5585,1.3851,3.9436
90,-5.3651,9.2858,0,52.0437,-50.8397,3.9207,1.204,5.1247
91,-6.3687,8.8309,0,52.2657,-51.4016,2.4622,0.8641,3.3263
92,-5.4488,9.2372,0,53.0548,-50.8474,3.7884,2.2074,5.9958
93,-6.7085,8.9162,0,52.9745,-51.7979,2.2077,1.1766,3.3843
94,-6.1039,9.4798,0,51.8263,-51.2063,3.3759,0.62,3.9959
95,-6.4806,9.1194,0,52.2138,-51.4272,2.6388,0.7866,3.4254
96,-5.6528,9.2781,0,52.0531,-51.3277,3.6253,0.7254,4.3507
97,-7.1053,9.1365,0,52.4406,-51.1871,2.0312,1.2535,3.2847
98,-6.7245,9.0296,0,52.8564,-51.196,2.3051,1.6604,3.9655
99,-8.3026,9.07,0,52.3744,-51.443,0.7674,0.9314,1.6988
100,-8.6145,9.1807,0,52.9083,-51.3124,0.5662,1.5959,2.1621
101,-7.4858,8.8065,0,52.3886,-51.2246,1.3207,1.164,2.4847
102,-7.9985,9.4733,0,52.2421,-51.7408,1.4748,0.5013,1.9761
103,-6.2706,9.4278,0,52.6957,-51.3404,3.1572,1.3553,4.5125
104,-8.2874,8.9436,0,52.6485,-51.4683,0.6562,1.1802,1.8364
105,-6.1488,9.1845,0,52.2988,-51.53,3.0357,0.7688,3.8045
106,-5.0656,8.9981,0,52.1713,-51.0792,3.9325,1.0921,5.0246
107,-8.2037,9.0934,0,52.4311,-51.295,0.8897,1.1361,2.0258
108,-5.2708,9.2428,0,52.2043,-50.8447,3.972,1.3596,5.3316
109,-3.3411,9.1942,0,52.4217,-51.7263,5.8531,0.6954,6.5485
110,-5.7062,9.1541,0,52.5681,-51.0558,3.4479,1.5123,4.9602
111,-5.9631,9.192,0,51.6893,-50.9613,3.2289,0.728,3.9569
112,-8.1615,9.0028,0,52.6201,-50.8687,0.8413,1.7514,2.5927
113,-7.3614,9.2648,0,52.4784,-51.1031,1.9034,1.3753,3.2787
114,-7.8411,9.4567,0,52.7193,-51.1667,1.6156,1.5526,3.1682
115,-8.4497,8.8929,0,52.4878,-50.9703,0.4432,1.5175,1.9607
116,-5.5367,9.601,0,51.7035,-51.2912,4.0643,0.4123,4.4766
117,-5.96,9.1103,0,52.365,-51.434,3.1503,0.931,4.0813
118,-8.2124,9.5427,0,52.2705,-51.2187,1.3303,1.0518,2.3821
119,-2.3649,9.0151,0,51.8547,-51.0507,6.6502,0.804,7.4542
120,-6.1046,9.3577,0,52.2657,-51.3299,3.2531,0.9358,4.1889
121,-7.5783,9.3524,0,52.4406,-51.2782,1.7741,1.1624,2.9365
122,-5.5098,9.4735,0,52.2468,-51.0295,3.9637,1.2173,5.181
123,-6.4597,9.0301,0,52.2279,-51.5478,2.5704,0.6801,3.2505
124,-5.4895,8.8794,0,52.5493,-51.68,3.3899,0.8693,4.2592
125,-6.7267,9.145,0,52.2705,-50.7929,2.4183,1.4776,3.8959
126,-5.0538,9.1633,0,52.5445,-51.4236,4.1095,1.1209,5.2304
127,-6.7844,9.1438,0,52.4406,-51.378,2.3594,1.0626,3.422
128,-4.389,9.2879,0,52.0815,-50.9122,4.8989,1.1693,6.0682
129,-5.2475,9.1496,0,52.639,-51.035,3.9021,1.604,5.5061
130,-4.8853,9.2254,0,52.2421,-51.2314,4.3401,1.0107,5.3508
131,-6.9965,9.4165,0,52.176,-51.5213,2.42,0.6547,3.0747
132,-7.2485,9.3383,0,52.2279,-51.5746,2.0898,0.6533,2.7431
133,-5.6521,9.3102,0,52.3603,-51.6538,3.6581,0.7065,4.3646
134,-8.8212,9.011,0,52.45,-51.1545,0.1898,1.2955,1.4853
135,-7.2236,9.2894,0,52.502,-51.1607,2.0658,1.3413,3.4071
136,-7.3401,9.4032,0,52.3744,-50.7812,2.0631,1.5932,3.6563
137,-5.7397,9.3938,0,52.124,-51.3647,3.6541,0.7593,4.4134
138,-3.4287,9.1581,0,52.124,-51.4628,5.7294,0.6612,6.3906
139,-4.7863,9.7245,0,51.8027,-51.2861,4.9382,0.5166,5.4548
140,-7.7865,9.0877,0,52.7855,-51.1756,1.3012,1.6099,2.9111
141,-3.322,9.2358,0,52.2988,-51.3205,5.9138,0.9783,6.8921
142,-6.805,9.0828,0,53.343,-51.2976,2.2778,2.0454,4.3232
143,-7.4522,9.0128,0,52.6012,-51.4559,1.5606,1.1453,2.7059
144,-5.167,8.9577,0,52.8894,-51.2266,3.7907,1.6628,5.4535
145,-5.3157,8.9631,0,52.5303,-51.6222,3.6474,0.9081,4.5555
146,-5.1426,9.2153,0,52.3791,-50.7928,4.0727,1.5863,5.659
147,-5.9418,9.2952,0,52.1854,-51.4261,3.3534,0.7593,4.1127
148,-3.1932,9.2086,0,52.2138,-51.3905,6.0154,0.8233,6.8387
149,-5.3924,9.2398,0,51.5145,-51.1504,3.8474,0.3641,4.2115
150,-6.625,9.2155,0,51.935,-50.9795,2.5905,0.9555,3.546
151,-5.0901,9.1312,0,52.2894,-50.905,4.0411,1.3844,5.4255
152,-6.5439,9.2397,0,52.5209,-51.3778,2.6958,1.1431,3.8389
153,-6.0297,9.2033,0,51.9775,-51.1405,3.1736,0.837,4.0106
154,-6.7317,9.101,0,52.4926,-51.0309,2.3693,1.4617,3.831
155,-4.5225,9.0683,0,52.0626,-51.2049,4.5458,0.8577,5.4035
156,-7.9528,9.4186,0,51.8688,-51.173,1.4658,0.6958,2.1616
157,-7.2928,9.0708,0,52.1334,-51.1401,1.778,0.9933,2.7713
158,-3.5652,9.2038,0,52.7335,-51.8405,5.6386,0.893,6.5316
159,-3.545,9.4298,0,52.1146,-51.2575,5.8848,0.8571,6.7419
160,-7.0748,9.2718,0,52.5729,-51.4677,2.197,1.1052,3.3022
161,-7.7841,9.1936,0,52.1854,-51.1139,1.4095,1.0715,2.481
162,-6.9172,9.3502,0,52.1382,-51.3363,2.433,0.8019,3.2349
163,-2.9796,9.2235,0,52.1051,-51.5483,6.2439,0.5568,6.8007
164,-5.7808,9.1814,0,52.6674,-51.175,3.4006,1.4924,4.893
165,-7.1501,9.108,0,52.6674,-51.4903,1.9579,1.1771,3.135
166,-5.6655,9.1021,0,52.4028,-51.3212,3.4366,1.0816,4.5182
167,-7.4231,9.2865,0,52.4122,-51.0418,1.8634,1.3704,3.2338
168,-7.5641,8.975,0,52.5256,-51.1564,1.4109,1.3692,2.7801
169,-6.1532,9.1163,0,52.0862,-51.1517,2.9631,0.9345,3.8976
170,-4.2618,9.109,0,51.6987,-51.188,4.8472,0.5107,5.3579
171,-4.4343,9.1547,0,52.3744,-51.2739,4.7204,1.1005,5.8209
172,-5.8008,9.213,0,52.3319,-51.0788,3.4122,1.2531,4.6653
173,-5.917,9.0832,0,51.5003,-51.0369,3.1662,0.4634,3.6296
174,-7.0142,9.1381,0,51.9397,-50.8928,2.1239,1.0469,3.1708
175,-5.4018,9.0816,0,51.6751,-50.7369,3.6798,0.9382,4.618
176,-7.9717,9.3428,0,52.6485,-50.8266,1.3711,1.8219,3.193
177,-6.7451,9.3841,0,52.0767,-51.1172,2.639,0.9595,3.5985
178,-1.1505,9.2417,0,51.7035,-51.4067,8.0912,0.2968,8.388
179,-7.6665,9.2172,0,52.2988,-51.0434,1.5507,1.2554,2.8061
180,-6.56,9.0172,0,52.124,-50.9054,2.4572,1.2186,3.6758
181,-6.8484,9.2635,0,52.1618,-51.0883,2.4151,1.0735,3.4886
182,-5.4379,9.2729,0,51.9161,-51.0085,3.835,0.9076,4.7426
183,-4.0553,9.3626,0,51.2971,-51.072,5.3073,0.2251,5.5324
184,-4.1621,9.4076,0,52.5445,-51.3252,5.2455,1.2193,6.4648
185,-2.2893,9.0621,0,51.935,-51.6911,6.7728,0.2439,7.0167
186,-6.693,9.114,0,52.1429,-51.4778,2.421,0.6651,3.0861
187,-3.5487,9.2324,0,52.2138,-51.5061,5.6837,0.7077,6.3914
188,-6.6495,9.1172,0,52.4784,-51.3366,2.4677,1.1418,3.6095
189,-2.9778,9.296,0,52.0767,-51.1672,6.3182,0.9095,7.2277
190,-5.4974,9.015,0,52.0389,-51.2829,3.5176,0.756,4.2736
191,-5.718,9.3449,0,51.987,-50.9331,3.6269,1.0539,4.6808
192,-4.3055,9.308,0,52.209,-51.2621,5.0025,0.9469,5.9494
193,-6.61,8.9886,0,52.7241,-51.0768,2.3786,1.6473,4.0259
194,-5.8509,8.8867,0,52.5067,-51.3632,3.0358,1.1435,4.1793
195,-5.5658,8.9972,0,52.5398,-51.6706,3.4314,0.8692,4.3006
196,-5.3991,9.1401,0,52.1807,-50.7605,3.741,1.4202,5.1612
197,-1.3,9.1911,0,50.7916,-50.8481,7.8911,-0.0565,7.8346
198,-5.1553,9.328,0,51.2357,-51.1512,4.1727,0.0845,4.2572
199,-7.6935,9.1892,0,52.5351,-51.1174,1.4957,1.4177,2.9134
,,,,,,,,
DELTA Energy Terms,,,,,,,,
Frame #,VDWAALS,EEL,EPB,ENPOLAR,EDISPER,DELTA G gas,DELTA G solv,DELTA TOTAL
0,-63.614,0.8229,0,-41.0344,69.951,-62.7911,28.9166,-33.8745
1,-62.2396,0.7751,0,-41.2045,71.6799,-61.4645,30.4754,-30.9891
2,-60.8702,0.907,0,-40.7651,69.4895,-59.9632,28.7244,-31.2388
3,-64.6656,0.9679,0,-41.4927,71.2105,-63.6977,29.7178,-33.9799
4,-63.5766,0.6283,0,-42.4802,69.1627,-62.9483,26.6825,-36.2658
5,-61.6081,0.5634,0,-40.9966,70.3547,-61.0447,29.3581,-31.6866
6,-62.2597,1.14,0,-40.4107,71.5156,-61.1197,31.1049,-30.0148
7,-58.5725,0.82,0,-40.4013,70.5917,-57.7525,30.1904,-27.5621
8,-63.6615,0.4999,0,-41.3179,68.3102,-63.1616,26.9923,-36.1693
9,-63.6607,0.9219,0,-41.5447,70.2082,-62.7388,28.6635,-34.0753
10,-64.7198,0.7421,0,-42.1731,70.2492,-63.9777,28.0761,-35.9016
11,-66.7699,0.9828,0,-41.9747,70.0979,-65.7871,28.1232,-37.6639
12,-64.2845,0.8919,0,-40.869,71.0045,-63.3926,30.1355,-33.2571
13,-62.0245,0.7829,0,-40.6423,69.4493,-61.2416,28.807,-32.4346
14,-61.0072,0.9097,0,-41.2566,69.9773,-60.0975,28.7207,-31.3768
15,-60.7057,0.7991,0,-41.6109,70.4143,-59.9066,28.8034,-31.1032
16,-66.2992,0.8963,0,-42.5323,70.2555,-65.4029,27.7232,-37.6797
17,-59.7088,0.6804,0,-42.7071,69.3919,-59.0284,26.6848,-32.3436
18,-63.1152,0.8534,0,-41.4503,70.4157,-62.2618,28.9654,-33.2964
19,-59.1705,0.6243,0,-41.8329,69.2554,-58.5462,27.4225,-31.1237
20,-61.6769,0.7259,0,-40.7273,70.7276,-60.951,30.0003,-30.9507
21,-64.2453,0.7924,0,-41.9132,69.9251,-63.4529,28.0119,-35.441
22,-63.1319,0.7943,0,-41.2659,70.5601,-62.3376,29.2942,-33.0434
23,-58.3234,0.4806,0,-40.8407,68.0915,-57.8428,27.2508,-30.592
24,-64.1406,1.258,0,-41.7006,71.3719,-62.8826,29.6713,-33.2113
25,-65.6088,0.9841,0,-41.1431,70.1404,-64.6247,28.9973,-35.6274
26,-66.0963,1.0259,0,-41.2659,71.8675,-65.0704,30.6016,-34.4688
27,-61.9247,0.8767,0,-41.4974,70.0675,-61.048,28.5701,-32.4779
28,-62.4585,0.9157,0,-39.3854,68.6008,-61.5428,29.2154,-32.3274
29,-60.7711,0.9096,0,-40.8643,68.3394,-59.8615,27.4751,-32.3864
30,-66.4918,0.9289,0,-41.7384,69.5351,-65.5629,27.7967,-37.7662
31,-61.4592,0.9225,0,-42.0362,69.86,-60.5367,27.8238,-32.7129
32,-61.4127,0.9313,0,-43.0048,71.3702,-60.4814,28.3654,-32.116
33,-63.7937,1.0026,0,-41.5589,69.9005,-62.7911,28.3416,-34.4495
34,-65.3023,0.933,0,-42.3292,70.1841,-64.3693,27.8549,-36.5144
35,-64.5599,0.5712,0,-41.7006,71.0268,-63.9887,29.3262,-34.6625
36,-62.1779,0.7778,0,-39.7681,68.6085,-61.4001,28.8404,-32.5597
37,-65.447,0.8951,0,-41.9559,70.5542,-64.5519,28.5983,-35.9536
38,-61.912,0.9285,0,-42.2534,71.0685,-60.9835,28.8151,-32.1684
39,-60.5533,0.9916,0,-41.7858,68.2136,-59.5617,26.4278,-33.1339
40,-66.321,1.1593,0,-42.0929,71.0461,-65.1617,28.9532,-36.2085
41,-61.3114,0.6883,0,-41.2376,69.2132,-60.6231,27.9756,-32.6475
42,-60.4296,0.7446,0,-40.9824,71.745,-59.685,30.7626,-28.9224
43,-60.7951,0.6918,0,-40.8359,71.1634,-60.1033,30.3275,-29.7758
44,-60.0359,0.9448,0,-42.6126,69.6256,-59.0911,27.013,-32.0781
45,-60.7344,0.9276,0,-41.247,68.6913,-59.8068,27.4443,-32.3625
46,-62.128,0.9122,0,-41.3793,68.7739,-61.2158,27.3946,-33.8212
47,-59.8166,0.8025,0,-40.7273,69.0026,-59.0141,28.2753,-30.7388
48,-67.3318,0.9971,0,-41.11,69.3358,-66.3347,28.2258,-38.1089
49,-61.2518,0.7326,0,-41.2235,69.807,-60.5192,28.5835,-31.9357
50,-59.7727,1.0125,0,-40.3776,70.1834,-58.7602,29.8058,-28.9544
51,-65.2765,1.0942,0,-41.8188,68.3448,-64.1823,26.526,-37.6563
52,-64.708,1.1028,0,-41.3556,70.8569,-63.6052,29.5013,-34.1039
53,-63.0501,0.8912,0,-41.4077,69.868,-62.1589,28.4603,-33.6986
54,-68.1131,0.8746,0,-41.8046,69.3988,-67.2385,27.5942,-39.6443
55,-66.7579,1.144,0,-41.4833,69.6443,-65.6139,28.161,-37.4529
56,-63.3034,0.964,0,-42.3574,69.9504,-62.3394,27.593,-34.7464
57,-69.4184,1.1418,0,-41.8991,70.6839,-68.2766,28.7848,-39.4918
58,-63.4183,0.944,0,-41.0817,69.2043,-62.4743,28.1226,-34.3517
59,-65.0692,1.0198,0,-42.5275,69.6862,-64.0494,27.1587,-36.8907
60,-64.9274,0.9839,0,-41.5825,69.5125,-63.9435,27.93,-36.0135
61,-68.3405,1.0677,0,-43.2646,69.7148,-67.2728,26.4502,-40.8226
62,-64.9034,1.0469,0,-43.0803,70.6887,-63.8565,27.6084,-36.2481
63,-63.4258,1.0289,0,-42.6929,69.6401,-62.3969,26.9472,-35.4497
64,-65.4657,0.8158,0,-41.2848,70.8669,-64.6499,29.5821,-35.0678
65,-61.7245,1.1257,0,-42.1637,67.694,-60.5988,25.5303,-35.0685
66,-60.9089,1.0204,0,-40.4013,70.2582,-59.8885,29.8569,-30.0316
67,-67.9247,1.2376,0,-42.1165,70.4761,-66.6871,28.3596,-38.3275
68,-64.7868,1.191,0,-42.3102,69.8257,-63.5958,27.5155,-36.0803
69,-57.9622,1.062,0,-39.1869,69.1078,-56.9002,29.9209,-26.9793
70,-61.6087,1.1035,0,-40.9919,70.8403,-60.5052,29.8484,-30.6568
71,-65.5414,0.8608,0,-42.211,70.1319,-64.6806,27.9209,-36.7597
72,-64.3872,1.0891,0,-41.4832,70.7959,-63.2981,29.3127,-33.9854
73,-65.258,1.2171,0,-41.8707,71.5928,-64.0409,29.7221,-34.3188
74,-65.4422,1.3943,0,-41.7431,71.2124,-64.0479,29.4693,-34.5786
75,-64.1026,1.1865,0,-41.058,69.7453,-62.9161,28.6873,-34.2288
76,-59.2129,0.8675,0,-42.6079,69.9602,-58.3454,27.3523,-30.9931
77,-68.3255,1.5242,0,-42.0928,73.2606,-66.8013,31.1678,-35.6335
78,-66.158,1.2321,0,-42.3479,72.9269,-64.9259,30.579,-34.3469
79,-67.4208,1.3409,0,-42.4897,68.5692,-66.0799,26.0795,-40.0004
80,-62.6097,0.7364,0,-42.4471,69.7801,-61.8733,27.333,-34.5403
81,-65.1799,1.227,0,-42.3668,71.3456,-63.9529,28.9788,-34.9741
82,-63.7096,1.0515,0,-41.4077,71.0148,-62.6581,29.6071,-33.051
83,-60.1724,1.0325,0,-41.677,71.1681,-59.1399,29.4911,-29.6488
84,-64.4644,0.7634,0,-42.1873,69.9375,-63.701,27.7502,-35.9508
85,-66.3876,1.0661,0,-41.9369,70.8602,-65.3215,28.9233,-36.3982
86,-66.5509,0.506,0,-43.0851,70.84,-66.0449,27.7549,-38.29
87,-63.9872,0.5822,0,-42.9056,70.4801,-63.405,27.5745,-35.8305
88,-61.8995,1.2315,0,-40.5004,70.8854,-60.668,30.385,-30.283
89,-62.2958,0.9448,0,-43.0709,68.2893,-61.351,25.2184,-36.1326
90,-68.2779,1.3516,0,-42.9859,71.0062,-66.9263,28.0203,-38.906
91,-68.6225,1.0907,0,-44.0537,70.2644,-67.5318,26.2107,-41.3211
92,-65.7281,0.9941,0,-43.6757,70.9811,-64.734,27.3054,-37.4286
93,-66.0088,0.7232,0,-43.4063,70.5772,-65.2856,27.1709,-38.1147
94,-61.8729,0.906,0,-41.8046,70.2346,-60.9669,28.43,-32.5369
95,-62.6089,0.9305,0,-40.9541,71.9576,-61.6784,31.0035,-30.6749
96,-67.0207,0.7774,0,-42.6504,69.9559,-66.2433,27.3055,-38.9378
97,-67.3835,0.6925,0,-42.7307,70.6236,-66.691,27.8929,-38.7981
98,-66.7251,0.8379,0,-41.8849,70.5486,-65.8872,28.6637,-37.2235
99,-58.7352,0.6163,0,-42.7827,71.5629,-58.1189,28.7802,-29.3387
100,-67.8468,0.973,0,-43.3354,70.432,-66.8738,27.0966,-39.7772
101,-64.7598,1.0928,0,-41.2943,71.1073,-63.667,29.813,-33.854
102,-66.3508,0.8227,0,-42.1259,71.4046,-65.5281,29.2787,-36.2494
103,-67.541,0.5314,0,-43.4489,69.4914,-67.0096,26.0425,-40.9671
104,-62.7978,0.759,0,-41.5684,71.5042,-62.0388,29.9358,-32.103
105,-68.0379,1.1847,0,-42.9291,70.1962,-66.8532,27.2671,-39.5861
106,-65.0116,0.5049,0,-42.1023,70.8886,-64.5067,28.7863,-35.7204
107,-64.3081,0.9387,0,-41.8897,69.9816,-63.3694,28.0919,-35.2775
108,-59.9896,0.9132,0,-42.4189,69.9772,-59.0764,27.5583,-31.5181
109,-64.5499,0.3657,0,-42.967,71.9791,-64.1842,29.0121,-35.1721
110,-66.6407,0.8977,0,-43.0851,68.8203,-65.743,25.7352,-40.0078
111,-61.8,1.0487,0,-40.3068,70.6536,-60.7513,30.3468,-30.4045
112,-65.6728,0.7102,0,-43.4347,69.7465,-64.9626,26.3118,-38.6508
113,-62.2743,0.9145,0,-42.4378,69.8208,-61.3598,27.383,-33.9768
114,-66.6584,0.6249,0,-42.8629,70.9621,-66.0335,28.0992,-37.9343
115,-63.3451,0.5512,0,-42.1825,69.8475,-62.7939,27.665,-35.1289
116,-59.7933,0.6505,0,-40.6517,70.5832,-59.1428,29.9315,-29.2113
117,-60.6726,0.4014,0,-42.1448,68.8434,-60.2712,26.6986,-33.5726
118,-61.8398,0.6738,0,-42.2062,69.9223,-61.166,27.7161,-33.4499
119,-58.8564,0.649,0,-41.5872,69.9103,-58.2074,28.3231,-29.8843
120,-67.3377,0.7549,0,-42.9196,68.6541,-66.5828,25.7345,-40.8483
121,-62.0181,0.7283,0,-42.4519,70.0954,-61.2898,27.6435,-33.6463
122,-64.5789,1.0736,0,-42.811,71.7745,-63.5053,28.9635,-34.5418
123,-69.6132,0.8916,0,-43.0094,69.845,-68.7216,26.8356,-41.886
124,-62.8445,1.2167,0,-41.9748,71.4097,-61.6278,29.4349,-32.1929
125,-65.3927,1.2194,0,-43.3781,70.6964,-64.1733,27.3183,-36.855
126,-69.806,1.0341,0,-43.9922,70.0158,-68.7719,26.0236,-42.7483
127,-64.1212,1.1386,0,-43.2788,69.8122,-62.9826,26.5334,-36.4492
128,-67.1446,0.7743,0,-42.4141,69.1967,-66.3703,26.7826,-39.5877
129,-66.2923,0.8594,0,-43.9497,70.0377,-65.4329,26.088,-39.3449
130,-67.5529,1.0496,0,-42.3054,70.3677,-66.5033,28.0623,-38.441
131,-65.469,0.9599,0,-42.2441,70.1969,-64.5091,27.9528,-36.5563
132,-63.48,1.0692,0,-42.4141,68.5224,-62.4108,26.1083,-36.3025
133,-65.2638,1.1057,0,-42.6551,71.7638,-64.1581,29.1087,-35.0494
134,-69.372,1.0555,0,-44.3655,70.3593,-68.3165,25.9938,-42.3227
135,-63.216,0.866,0,-42.2441,68.8078,-62.35,26.5637,-35.7863
136,-63.569,0.9669,0,-40.9824,69.8389,-62.6021,28.8565,-33.7456
137,-64.8396,1.0488,0,-42.107,69.2044,-63.7908,27.0974,-36.6934
138,-63.7108,0.9622,0,-41.9038,69.8232,-62.7486,27.9194,-34.8292
139,-64.7651,0.9734,0,-41.2518,70.4419,-63.7917,29.1901,-34.6016
140,-63.935,0.9048,0,-41.7432,69.8681,-63.0302,28.1249,-34.9053
141,-62.1309,0.9657,0,-40.7083,69.1309,-61.1652,28.4226,-32.7426
142,-66.6738,0.8333,0,-43.515,70.8862,-65.8405,27.3712,-38.4693
143,-65.812,1.0008,0,-41.6251,71.3647,-64.8112,29.7396,-35.0716
144,-69.3443,0.8808,0,-43.3023,68.3989,-68.4635,25.0966,-43.3669
145,-66.1042,1.123,0,-42.5794,71.2964,-64.9812,28.717,-36.2642
146,-65.5524,1.04,0,-42.6834,70.8011,-64.5124,28.1177,-36.3947
147,-68.5569,1.1269,0,-41.7762,71.6793,-67.43,29.9031,-37.5269
148,-63.0199,0.7081,0,-42.4188,68.562,-62.3118,26.1432,-36.1686
149,-59.4615,0.7735,0,-40.1745,69.5382,-58.688,29.3637,-29.3243
150,-65.5847,1.1373,0,-41.2991,67.7965,-64.4474,26.4974,-37.95
151,-65.188,1.0737,0,-42.5701,68.5801,-64.1143,26.01,-38.1043
152,-61.5184,0.8115,0,-42.2582,69.7763,-60.7069,27.5181,-33.1888
153,-61.5854,1.0039,0,-40.6705,70.0981,-60.5815,29.4276,-31.1539
154,-61.1772,0.865,0,-42.2582,68.5303,-60.3122,26.2721,-34.0401
155,-62.4851,1.1004,0,-42.2393,69.642,-61.3847,27.4027,-33.982
156,-62.4559,1.019,0,-41.8943,68.2474,-61.4369,26.3531,-35.0838
157,-68.3412,0.9729,0,-41.9511,70.1595,-67.3683,28.2084,-39.1599
158,-63.1075,0.7075,0,-41.4597,68.7435,-62.4,27.2838,-35.1162
159,-63.9841,0.8071,0,-42.3669,70.0238,-63.177,27.6569,-35.5201
160,-65.4792,0.8035,0,-42.6504,69.8648,-64.6757,27.2144,-37.4613
161,-66.4139,0.936,0,-42.296,70.1462,-65.4779,27.8502,-37.6277
162,-66.851,0.9587,0,-42.0929,69.9568,-65.8923,27.8639,-38.0284
163,-66.7006,1.0895,0,-41.2376,71.0722,-65.6111,29.8346,-35.7765
164,-63.8711,0.8556,0,-41.8188,72.065,-63.0155,30.2462,-32.7693
165,-67.6303,0.9558,0,-42.0408,71.2948,-66.6745,29.254,-37.4205
166,-66.1471,0.5131,0,-42.7072,70.449,-65.634,27.7418,-37.8922
167,-61.673,0.7899,0,-41.351,71.2059,-60.8831,29.8549,-31.0282
168,-64.8783,0.9113,0,-43.5056,71.2333,-63.967,27.7277,-36.2393
169,-66.3102,1.015,0,-42.3574,72.795,-65.2952,30.4376,-34.8576
170,-66.1976,1.0435,0,-40.9824,71.5178,-65.1541,30.5354,-34.6187
171,-69.284,1.192,0,-43.0425,72.604,-68.092,29.5615,-38.5305
172,-64.3775,0.6152,0,-42.9623,69.724,-63.7623,26.7617,-37.0006
173,-70.0743,1.1755,0,-42.0881,70.9199,-68.8988,28.8318,-40.067
174,-66.4915,0.7897,0,-42.2771,70.7479,-65.7018,28.4708,-37.231
175,-64.6295,0.9155,0,-40.9304,70.4234,-63.714,29.493,-34.221
176,-64.0084,0.6787,0,-42.4283,68.5815,-63.3297,26.1532,-37.1765
177,-63.1755,0.7956,0,-40.7934,70.1323,-62.3799,29.3389,-33.041
178,-70.0877,1.1052,0,-41.4408,71.1464,-68.9825,29.7056,-39.2769
179,-64.1403,0.9152,0,-41.6345,69.6638,-63.2251,28.0293,-35.1958
180,-64.4753,0.9292,0,-41.1857,69.285,-63.5461,28.0993,-35.4468
181,-61.7219,0.8851,0,-42.1259,70.0556,-60.8368,27.9297,-32.9071
182,-64.3543,1.0097,0,-41.1903,71.7848,-63.3446,30.5945,-32.7501
183,-62.5365,1.1032,0,-39.272,70.7582,-61.4333,31.4862,-29.9471
184,-65.8252,0.9861,0,-42.0928,69.8862,-64.8391,27.7934,-37.0457
185,-62.6265,1.1382,0,-40.6753,69.7971,-61.4883,29.1218,-32.3665
186,-62.9002,1.1781,0,-41.2659,70.1554,-61.7221,28.8895,-32.8326
187,-63.8919,0.8562,0,-42.1968,69.0738,-63.0357,26.877,-36.1587
188,-63.053,0.9832,0,-41.2943,69.5385,-62.0698,28.2442,-33.8256
189,-66.1294,1.1476,0,-41.6864,70.2965,-64.9818,28.6101,-36.3717
190,-66.525,1.1874,0,-41.9368,70.076,-65.3376,28.1392,-37.1984
191,-65.714,1.4151,0,-41.8188,71.5182,-64.2989,29.6994,-34.5995
192,-64.4205,0.8372,0,-41.6297,69.7671,-63.5833,28.1374,-35.4459
193,-61.6548,0.7307,0,-42.3291,69.5911,-60.9241,27.262,-33.6621
194,-65.0716,0.9697,0,-43.241,70.2608,-64.1019,27.0198,-37.0821
195,-62.9399,0.9597,0,-41.5778,70.7231,-61.9802,29.1453,-32.8349
196,-62.9711,1.0341,0,-41.71,69.6441,-61.937,27.9341,-34.0029
197,-62.1042,1.0694,0,-39.5934,67.5671,-61.0348,27.9737,-33.0611
198,-64.8564,1.2458,0,-39.5839,70.0014,-63.6106,30.4175,-33.1931
199,-63.2639,1.0796,0,-40.7273,70.1708,-62.1843,29.4435,-32.7408