POISSON BOLTZMANN:,,,,,,,,,,,,,,,,
Complex Energy Terms,,,,,,,,,,,,,,,,
Frame #,BOND,ANGLE,DIHED,UB,IMP,CMAP,VDWAALS,EEL,1-4 VDW,1-4 EEL,EPB,ENPOLAR,EDISPER,G gas,G solv,TOTAL
0,1240.7177,3295.6243,2206.912,0,0,0,-3325.12,-1536.3602,1562.5918,785.89342,0,3255.8536,-1796.2445,4230.25902,1459.6091,5689.86812
1,1229.6467,3270.0032,2186.7215,0,0,0,-3352.7766,-1537.3203,1589.3026,790.254835,0,3254.2754,-1802.4877,4175.831935,1451.7877,5627.619635
2,1297.8324,3204.4684,2138.825,0,0,0,-3312.3444,-1535.4608,1566.839,786.160015,0,3265.0673,-1803.0419,4146.319615,1462.0254,5608.345015
3,1271.1335,3166.4668,2163.7513,0,0,0,-3331.899,-1535.4303,1596.1432,788.524655,0,3262.1945,-1808.7093,4118.690155,1453.4852,5572.175355
4,1241.2267,3310.2509,2172.0509,0,0,0,-3353.9822,-1534.9701,1579.9238,788.518895,0,3255.3196,-1802.7651,4203.018895,1452.5545,5655.573395
5,1181.4487,3274.0699,2223.5153,0,0,0,-3408.467,-1531.0021,1610.5699,789.470735,0,3256.7277,-1794.8705,4139.605435,1461.8572,5601.462635
6,1311.4207,3255.0641,2214.8708,0,0,0,-3369.5398,-1529.0142,1585.8698,786.663985,0,3261.396,-1803.0931,4255.335385,1458.3029,5713.638285
7,1263.1337,3220.875,2207.5609,0,0,0,-3370.5149,-1533.0746,1578.672,786.35353,0,3248.7708,-1794.6543,4153.00563,1454.1165,5607.12213
8,1246.7843,3219.2562,2207.6744,0,0,0,-3312.804,-1537.093,1567.5905,789.009685,0,3267.8551,-1822.8094,4180.418085,1445.0457,5625.463785
9,1300.9759,3195.128,2193.283,0,0,0,-3378.8592,-1529.7369,1599.3972,787.603275,0,3256.3875,-1791.8727,4167.791275,1464.5148,5632.306075
10,1257.5595,3294.9007,2161.9946,0,0,0,-3366.0788,-1535.8705,1604.7809,789.739475,0,3238.2293,-1787.5689,4207.025875,1450.6604,5657.686275
11,1243.7072,3183.1186,2207.9974,0,0,0,-3342.8132,-1540.5986,1580.9772,791.644985,0,3247.7974,-1796.5597,4124.033585,1451.2377,5575.271285
12,1237.8355,3201.401,2208.7562,0,0,0,-3359.979,-1536.9908,1583.6798,790.094955,0,3255.9386,-1797.2937,4124.797655,1458.6449,5583.442555
13,1227.5586,3204.0985,2258.1953,0,0,0,-3388.5214,-1538.487,1600.1742,788.37131,0,3235.966,-1796.3803,4151.38951,1439.5857,5590.97521
14,1206.4267,3267.6923,2225.6491,0,0,0,-3348.1924,-1541.7693,1615.521,792.81089,0,3247.9061,-1789.3417,4218.13829,1458.5644,5676.70269
15,1262.9028,3208.1535,2237.7978,0,0,0,-3378.5713,-1541.6679,1602.6661,793.73002,0,3240.8092,-1782.9584,4185.01102,1457.8508,5642.86182
16,1221.409,3230.3631,2225.3803,0,0,0,-3350.7078,-1535.9394,1558.3211,788.867825,0,3250.6655,-1800.3625,4137.694125,1450.303,5587.997125
17,1249.6223,3244.554,2229.0254,0,0,0,-3343.9372,-1537.1201,1619.9185,786.34715,0,3251.7806,-1799.1479,4248.41005,1452.6327,5701.04275
18,1242.4024,3259.8232,2227.1881,0,0,0,-3356.0968,-1542.6839,1602.0431,791.93162,0,3248.8653,-1800.8094,4224.60772,1448.0559,5672.66362
19,1229.8833,3235.8386,2240.9025,0,0,0,-3381.5414,-1545.3008,1600.6717,792.821425,0,3225.1647,-1783.6668,4173.275325,1441.4979,5614.773225
20,1218.8143,3286.4473,2194.2692,0,0,0,-3350.7298,-1538.7856,1609.0277,790.563415,0,3242.8362,-1794.6618,4209.606515,1448.1744,5657.780915
21,1284.7569,3223.4207,2172.967,0,0,0,-3355.0353,-1533.5296,1606.5648,785.381115,0,3256.4347,-1800.9126,4184.525615,1455.5221,5640.047715
22,1205.8711,3163.0001,2196.9523,0,0,0,-3412.4856,-1538.8871,1614.5999,792.372835,0,3246.0208,-1798.0983,4021.423535,1447.9225,5469.346035
23,1210.5065,3285.4947,2178.9672,0,0,0,-3294.3362,-1540.8025,1607.6475,791.093175,0,3250.4387,-1800.3056,4238.570375,1450.1331,5688.703475
24,1248.0211,3182.2368,2217.526,0,0,0,-3309.3172,-1542.1757,1601.0286,790.54502,0,3243.3087,-1792.5144,4187.86462,1450.7943,5638.65892
25,1226.8592,3168.9176,2195.5536,0,0,0,-3302.7698,-1543.6245,1599.5646,792.686645,0,3248.3833,-1803.0239,4137.187345,1445.3594,5582.546745
26,1233.3255,3288.0038,2184.982,0,0,0,-3312.6128,-1540.3238,1600.7186,791.016215,0,3263.3521,-1815.2301,4245.109515,1448.122,5693.231515
27,1242.3612,3352.8169,2174.523,0,0,0,-3351.8741,-1537.7253,1602.09,787.301415,0,3258.3673,-1806.6967,4269.493115,1451.6706,5721.163715
28,1253.7963,3255.2569,2179.8704,0,0,0,-3336.2978,-1539.9116,1593.235,789.691995,0,3259.1422,-1801.2979,4195.641195,1457.8443,5653.485495
29,1276.8898,3229.5,2217.6822,0,0,0,-3376.6028,-1537.9805,1579.1907,785.176115,0,3253.4249,-1804.6693,4173.855515,1448.7556,5622.611115
30,1225.9303,3192.7363,2209.097,0,0,0,-3355.145,-1535.4418,1581.1154,782.64695,0,3253.0941,-1802.9867,4100.93915,1450.1074,5551.04655
31,1249.2788,3206.7312,2185.2746,0,0,0,-3379.5094,-1541.3983,1601.3641,791.308625,0,3237.0386,-1787.9662,4113.049625,1449.0724,5562.122025
32,1185.9424,3219.8144,2220.8882,0,0,0,-3374.5583,-1540.2699,1603.3657,789.416535,0,3248.4637,-1801.5209,4104.599035,1446.9428,5551.541835
33,1266.442,3217.1008,2218.033,0,0,0,-3325.5171,-1531.3543,1581.1368,782.435765,0,3251.7664,-1803.9884,4208.276965,1447.778,5656.054965
34,1227.6383,3227.8862,2199.9768,0,0,0,-3336.1599,-1535.8761,1595.2979,788.029985,0,3269.3718,-1813.8377,4166.793185,1455.5341,5622.327285
35,1267.8203,3325.5409,2192.0676,0,0,0,-3332.5639,-1540.4,1596.0182,788.550885,0,3268.6252,-1817.3891,4297.033985,1451.2361,5748.270085
36,1238.8055,3350.2436,2214.2232,0,0,0,-3317.8296,-1539.9756,1597.7144,788.58545,0,3259.7706,-1799.5699,4331.76695,1460.2007,5791.96765
37,1202.571,3231.8844,2187.6697,0,0,0,-3330.3502,-1544.4895,1605.6395,792.830775,0,3257.8333,-1803.4387,4145.755675,1454.3946,5600.150275
38,1297.6197,3208.8637,2229.9329,0,0,0,-3300.4095,-1547.0018,1577.2226,790.19489,0,3256.7891,-1801.1586,4256.42249,1455.6305,5712.05299
39,1259.998,3222.7679,2203.9647,0,0,0,-3360.4519,-1540.9007,1605.7721,789.145215,0,3259.0429,-1803.2241,4180.295315,1455.8188,5636.114115
40,1246.3433,3256.8377,2239.0332,0,0,0,-3344.807,-1538.211,1586.884,786.280975,0,3245.95,-1793.3168,4232.361175,1452.6332,5684.994375
41,1237.5024,3300.6718,2213.4711,0,0,0,-3354.6413,-1542.8162,1591.6004,792.029565,0,3241.3005,-1797.5309,4237.817765,1443.7696,5681.587365
42,1257.8721,3294.7781,2211.3909,0,0,0,-3358.2024,-1538.2608,1603.7495,785.40934,0,3242.1558,-1786.9634,4256.73674,1455.1924,5711.92914
43,1222.9688,3254.2843,2261.194,0,0,0,-3357.0104,-1544.5222,1586.2808,789.0709,0,3234.4777,-1786.4697,4212.2662,1448.008,5660.2742
44,1243.538,3280.3557,2226.6719,0,0,0,-3331.1332,-1541.9984,1583.8602,790.66458,0,3245.1042,-1804.5886,4251.95878,1440.5156,5692.47438
45,1228.955,3240.2147,2194.0013,0,0,0,-3353.0259,-1539.87,1591.4815,785.912195,0,3247.4478,-1793.4957,4147.668795,1453.9521,5601.620895
46,1203.8746,3198.2881,2214.2276,0,0,0,-3324.7154,-1545.3049,1594.7442,791.34054,0,3241.6644,-1796.2388,4132.45474,1445.4256,5577.88034
47,1267.9171,3208.3876,2214.0953,0,0,0,-3315.5759,-1542.5291,1601.4083,787.01848,0,3250.9868,-1798.9721,4220.72178,1452.0147,5672.73648
48,1234.3731,3204.4475,2217.5221,0,0,0,-3316.3505,-1538.7632,1585.3346,786.73348,0,3260.5927,-1814.8282,4173.29708,1445.7645,5619.06158
49,1312.9132,3190.1598,2230.3492,0,0,0,-3388.9972,-1543.7181,1578.6374,791.626625,0,3238.8294,-1791.2567,4170.970925,1447.5727,5618.543625
50,1214.3567,3230.3696,2216.33,0,0,0,-3318.6521,-1539.6398,1609.736,787.928595,0,3251.4593,-1808.0315,4200.428995,1443.4278,5643.856795
51,1221.4824,3273.281,2211.1301,0,0,0,-3311.2829,-1544.6467,1578.8772,786.993245,0,3265.2327,-1810.4622,4215.834345,1454.7705,5670.604845
52,1218.8761,3304.9171,2224.7091,0,0,0,-3320.1007,-1545.3635,1582.7897,785.871215,0,3254.2612,-1805.4503,4251.699015,1448.8109,5700.509915
53,1283.0678,3279.1989,2200.5663,0,0,0,-3345.5766,-1537.2281,1575.9907,785.999885,0,3254.5353,-1804.1058,4242.018885,1450.4295,5692.448385
54,1176.518,3357.2901,2212.4249,0,0,0,-3329.6191,-1540.3905,1590.5482,786.265495,0,3257.2569,-1817.6572,4253.037095,1439.5997,5692.636795
55,1218.3162,3271.0553,2234.1871,0,0,0,-3326.9442,-1538.6974,1625.4938,786.83465,0,3253.7746,-1815.3738,4270.24545,1438.4008,5708.64625
56,1232.3317,3252.4984,2161.9492,0,0,0,-3323.0456,-1540.5262,1619.799,786.426455,0,3248.5109,-1801.372,4189.432955,1447.1389,5636.571855
57,1243.3284,3186.93,2219.3168,0,0,0,-3292.0562,-1545.6945,1595.5918,789.332705,0,3255.1968,-1809.0938,4196.749005,1446.103,5642.852005
58,1221.761,3279.0193,2248.2667,0,0,0,-3331.7121,-1541.9078,1583.5963,786.64211,0,3252.4185,-1802.7731,4245.66551,1449.6454,5695.31091
59,1259.7454,3262.5789,2179.2694,0,0,0,-3302.7101,-1545.0211,1583.9432,791.23683,0,3259.2272,-1819.8235,4229.04253,1439.4037,5668.44623
60,1269.2659,3249.7321,2225.2551,0,0,0,-3321.3092,-1544.4309,1592.9311,789.21628,0,3260.4699,-1814.8885,4260.66038,1445.5814,5706.24178
61,1227.7378,3199.5509,2216.7896,0,0,0,-3325.0084,-1543.9412,1584.2757,788.58385,0,3268.7528,-1820.3912,4147.98825,1448.3616,5596.34985
62,1245.1969,3214.674,2231.0778,0,0,0,-3365.8302,-1535.8076,1584.9949,785.271645,0,3257.3325,-1811.3102,4159.577445,1446.0223,5605.599745
63,1172.0272,3227.9749,2254.0955,0,0,0,-3361.0945,-1538.0213,1613.5638,787.93016,0,3260.3896,-1815.4308,4156.47576,1444.9588,5601.43456
64,1252.9611,3167.6966,2247.5573,0,0,0,-3354.5818,-1538.5343,1577.9756,784.557275,0,3261.0038,-1808.9666,4137.631775,1452.0372,5589.668975
65,1231.8752,3275.8561,2216.5299,0,0,0,-3355.4929,-1541.0393,1621.841,785.96466,0,3240.3272,-1796.3696,4235.53466,1443.9576,5679.49226
66,1333.2451,3233.0566,2192.0984,0,0,0,-3311.0169,-1540.7304,1589.8228,785.402985,0,3261.2684,-1811.0422,4281.878585,1450.2262,5732.104785
67,1254.3251,3214.6514,2182.7049,0,0,0,-3369.9076,-1539.6822,1604.3385,787.649605,0,3243.9135,-1793.7159,4134.079705,1450.1976,5584.277305
68,1289.3306,3202.2001,2158.0154,0,0,0,-3341.2025,-1540.7718,1569.4905,785.32497,0,3239.2452,-1784.6846,4122.38727,1454.5606,5576.94787
69,1274.9741,3273.7086,2192.2282,0,0,0,-3356.0066,-1544.2083,1600.1199,787.605645,0,3253.6375,-1811.5574,4228.421545,1442.0801,5670.501645
70,1249.7452,3246.1528,2187.9799,0,0,0,-3373.8229,-1540.5804,1597.2087,786.12715,0,3237.6198,-1786.3753,4152.81045,1451.2445,5604.05495
71,1243.6141,3227.208,2248.0508,0,0,0,-3353.0272,-1540.5369,1594.8252,784.026345,0,3232.8853,-1789.55,4204.160345,1443.3353,5647.495645
72,1247.0631,3242.6354,2226.2518,0,0,0,-3375.2086,-1539.4086,1615.5689,783.97395,0,3238.664,-1782.6134,4200.87595,1456.0506,5656.92655
73,1206.6548,3241.8201,2208.9498,0,0,0,-3385.8041,-1543.7158,1618.7891,788.259035,0,3230.1496,-1775.8629,4134.952935,1454.2867,5589.239635
74,1270.8877,3195.9552,2250.7246,0,0,0,-3362.2137,-1538.8735,1596.2787,784.55178,0,3238.7018,-1785.2048,4197.31078,1453.497,5650.80778
75,1261.2898,3220.2799,2200.7315,0,0,0,-3388.1236,-1536.9492,1576.7071,784.71963,0,3241.9384,-1794.6833,4118.65513,1447.2551,5565.91023
76,1249.1728,3283.8136,2220.0164,0,0,0,-3336.1033,-1542.3086,1597.4015,785.07058,0,3239.8594,-1789.9899,4257.06298,1449.8695,5706.93248
77,1277.4144,3305.6004,2203.5663,0,0,0,-3363.8985,-1540.0781,1589.5313,783.67683,0,3230.8111,-1776.9013,4255.81263,1453.9098,5709.72243
78,1231.2546,3259.1013,2199.9887,0,0,0,-3338.8684,-1541.9106,1630.5705,784.07588,0,3231.2741,-1785.4555,4224.21198,1445.8186,5670.03058
79,1267.812,3274.502,2193.0401,0,0,0,-3376.4309,-1536.9337,1574.369,783.030015,0,3240.88,-1794.9207,4179.388515,1445.9593,5625.347815
80,1239.5658,3259.5935,2187.0826,0,0,0,-3367.4033,-1540.0756,1571.9149,785.57853,0,3236.9347,-1773.2145,4136.25643,1463.7202,5599.97663
81,1243.1574,3241.8414,2272.8504,0,0,0,-3386.7609,-1537.9795,1587.9883,787.264625,0,3239.3775,-1778.597,4208.361725,1460.7805,5669.142225
82,1250.5452,3216.0532,2183.9698,0,0,0,-3347.8472,-1541.9687,1594.47,789.18116,0,3239.9917,-1782.2838,4144.40346,1457.7079,5602.11136
83,1190.2935,3290.0645,2177.2699,0,0,0,-3379.6917,-1540.0963,1586.3059,785.35851,0,3243.8473,-1791.4106,4109.50431,1452.4367,5561.94101
84,1214.5383,3197.6024,2237.819,0,0,0,-3351.8403,-1546.8275,1590.0931,789.096695,0,3238.5884,-1785.2647,4130.481695,1453.3237,5583.805395
85,1260.2777,3316.7011,2209.4283,0,0,0,-3367.2962,-1543.2462,1597.1352,787.047035,0,3233.4854,-1784.3473,4260.046935,1449.1381,5709.185035
86,1278.591,3163.5921,2238.5049,0,0,0,-3344.955,-1544.5395,1600.2822,788.057755,0,3241.3667,-1782.8591,4179.533455,1458.5076,5638.041055
87,1290.747,3261.4301,2202.1198,0,0,0,-3381.4773,-1546.8119,1595.2285,788.950285,0,3221.6493,-1778.5921,4210.186485,1443.0572,5653.243685
88,1238.8682,3243.8689,2204.1537,0,0,0,-3336.7606,-1542.8593,1586.3203,785.91838,0,3231.1796,-1779.3932,4179.50958,1451.7864,5631.29598
89,1266.2711,3192.0166,2173.1588,0,0,0,-3335.2245,-1539.8943,1584.4945,786.971255,0,3243.4126,-1786.9364,4127.793455,1456.4762,5584.269655
90,1230.9923,3240.9,2208.0335,0,0,0,-3350.8559,-1543.1361,1602.3086,786.19526,0,3245.038,-1792.1526,4174.43766,1452.8854,5627.32306
91,1269.3492,3249.2641,2183.3,0,0,0,-3321.8258,-1543.7979,1589.9805,786.255,0,3238.9286,-1790.601,4212.5251,1448.3276,5660.8527
92,1267.8217,3226.483,2195.7261,0,0,0,-3329.978,-1543.0325,1597.9659,786.317885,0,3245.95,-1798.8827,4201.304085,1447.0673,5648.371385
93,1238.1502,3317.5044,2170.2942,0,0,0,-3362.9864,-1540.523,1586.4608,786.109035,0,3244.2915,-1800.4076,4195.009235,1443.8839,5638.893135
94,1219.209,3209.8417,2198.9678,0,0,0,-3340.9503,-1545.1348,1571.1911,787.28803,0,3238.4514,-1793.0401,4100.41253,1445.4113,5545.82383
95,1250.4926,3203.8494,2199.7739,0,0,0,-3393.297,-1543.9474,1579.0775,786.506345,0,3240.0012,-1798.5859,4082.455345,1441.4153,5523.870645
96,1249.3253,3175.6531,2182.1745,0,0,0,-3326.919,-1545.6613,1582.6584,789.183165,0,3243.9938,-1797.9949,4106.414165,1445.9989,5552.413065
97,1214.4967,3182.1347,2206.7539,0,0,0,-3349.0902,-1541.9631,1614.8153,786.08598,0,3247.2351,-1808.2408,4113.23328,1438.9943,5552.22758
98,1271.5764,3313.6619,2201.3602,0,0,0,-3355.2151,-1541.8349,1610.9021,788.959145,0,3244.1497,-1799.2765,4289.409745,1444.8732,5734.282945
99,1241.8214,3218.3025,2224.1947,0,0,0,-3314.6975,-1544.4858,1579.2389,785.26481,0,3233.424,-1796.2361,4189.63901,1437.1879,5626.82691
100,1228.9736,3214.4163,2197.9679,0,0,0,-3291.8905,-1542.7625,1585.3195,786.7485,0,3247.2304,-1800.6447,4178.7728,1446.5857,5625.3585
101,1201.5409,3235.847,2213.4091,0,0,0,-3365.9282,-1544.5715,1599.1559,788.78977,0,3236.4196,-1798.7796,4128.24297,1437.64,5565.88297
102,1277.0401,3166.654,2196.6644,0,0,0,-3348.6793,-1544.1076,1604.6931,787.36156,0,3256.0048,-1810.6186,4139.62626,1445.3862,5585.01246
103,1283.0441,3288.8217,2242.9454,0,0,0,-3358.7299,-1542.2604,1581.0554,785.20001,0,3255.3905,-1806.1746,4280.07631,1449.2159,5729.29221
104,1283.9475,3213.1529,2203.6532,0,0,0,-3361.7375,-1546.9474,1584.1702,789.11182,0,3241.4943,-1799.2905,4165.35072,1442.2038,5607.55452
105,1246.4284,3291.8782,2210.1271,0,0,0,-3323.3063,-1544.2902,1604.856,788.55066,0,3263.234,-1810.0924,4274.24386,1453.1416,5727.38546
106,1277.5217,3245.5033,2206.5129,0,0,0,-3387.8402,-1541.2297,1584.1435,787.011115,0,3245.9972,-1799.0208,4171.622615,1446.9764,5618.599015
107,1240.1356,3173.6092,2232.2214,0,0,0,-3320.7241,-1548.7101,1600.5788,788.76626,0,3239.4011,-1796.4531,4165.87706,1442.948,5608.82506
108,1255.057,3219.4924,2227.4524,0,0,0,-3344.5538,-1546.3269,1588.4921,789.37653,0,3245.3121,-1800.6252,4188.98973,1444.6869,5633.67663
109,1249.3457,3244.6102,2240.9359,0,0,0,-3344.9597,-1540.1714,1600.5628,786.53053,0,3248.4637,-1799.7656,4236.85403,1448.6981,5685.55213
110,1220.7915,3160.2329,2221.5709,0,0,0,-3323.3054,-1549.6147,1630.4013,794.496255,0,3238.4939,-1795.0323,4154.572755,1443.4616,5598.034355
111,1282.9618,3203.3442,2203.8388,0,0,0,-3382.1354,-1543.5598,1583.3397,787.30666,0,3260.0399,-1800.0077,4135.09596,1460.0322,5595.12816
112,1242.491,3214.7598,2233.2554,0,0,0,-3386.9613,-1543.6795,1588.957,788.83958,0,3245.6617,-1790.9984,4137.66198,1454.6633,5592.32528
113,1222.4759,3243.0678,2206.2602,0,0,0,-3330.8595,-1541.7458,1574.5881,786.887385,0,3252.6453,-1797.7955,4160.674085,1454.8498,5615.523885
114,1259.0733,3221.138,2168.57,0,0,0,-3325.9672,-1544.1999,1598.5078,788.770045,0,3261.3251,-1816.3535,4165.892045,1444.9716,5610.863645
115,1233.0753,3199.4838,2206.6814,0,0,0,-3354.9629,-1540.6322,1603.3497,787.3103,0,3261.9394,-1813.2901,4134.3054,1448.6493,5582.9547
116,1241.7628,3274.2648,2204.4092,0,0,0,-3272.6543,-1543.0441,1598.9838,784.677725,0,3258.6649,-1816.6044,4288.399925,1442.0605,5730.460425
117,1234.3273,3177.8759,2211.7414,0,0,0,-3329.643,-1542.9737,1590.0793,786.713625,0,3256.4678,-1791.8146,4128.120825,1464.6532,5592.774025
118,1279.945,3258.5147,2192.4539,0,0,0,-3310.3727,-1547.2941,1621.8091,790.184515,0,3257.7058,-1811.9662,4285.240415,1445.7396,5730.980015
119,1225.6386,3263.0471,2209.8712,0,0,0,-3333.0271,-1547.3958,1598.4943,791.88545,0,3242.3873,-1794.8498,4208.51375,1447.5375,5656.05125
120,1233.5312,3268.3831,2221.833,0,0,0,-3322.9544,-1547.2895,1602.3742,793.09625,0,3253.8218,-1806.9648,4248.97385,1446.857,5695.83085
121,1244.0667,3239.5103,2187.7785,0,0,0,-3343.0942,-1545.7649,1578.2327,790.051995,0,3246.3374,-1795.6815,4150.781095,1450.6559,5601.436995
122,1210.9689,3248.6141,2191.5687,0,0,0,-3374.9738,-1552.3271,1606.6038,793.80618,0,3243.4693,-1799.782,4124.26078,1443.6873,5567.94808
123,1202.2958,3256.2563,2198.0608,0,0,0,-3336.5552,-1545.5744,1585.6213,788.91527,0,3238.8247,-1786.2577,4149.01987,1452.567,5601.58687
124,1218.3472,3240.212,2212.4878,0,0,0,-3374.1079,-1547.1396,1580.5305,789.622095,0,3237.6765,-1786.1681,4119.952095,1451.5084,5571.460495
125,1240.8314,3256.3629,2209.887,0,0,0,-3387.5784,-1540.7902,1604.5382,785.820965,0,3235.8196,-1794.2618,4169.071865,1441.5578,5610.629665
126,1255.0344,3207.1079,2168.7355,0,0,0,-3351.7158,-1543.9704,1561.768,787.251485,0,3263.3758,-1814.0425,4084.211085,1449.3333,5533.544385
127,1275.9943,3184.1088,2245.3204,0,0,0,-3333.371,-1544.576,1582.4856,788.67302,0,3249.196,-1794.3121,4198.63512,1454.8839,5653.51902
128,1279.534,3239.7263,2190.9399,0,0,0,-3344.3238,-1545.1741,1576.5508,788.068475,0,3241.3856,-1791.1564,4185.321575,1450.2292,5635.550775
129,1195.0696,3255.4751,2197.1508,0,0,0,-3353.3958,-1548.4331,1594.8916,791.397115,0,3252.0594,-1802.5039,4132.155315,1449.5555,5581.710815
130,1250.77,3205.5651,2213.4915,0,0,0,-3377.9781,-1546.1678,1574.8132,794.145965,0,3230.0881,-1773.4508,4114.639865,1456.6373,5571.277165
131,1227.0437,3208.5508,2232.3443,0,0,0,-3355.914,-1542.5677,1591.0766,790.689975,0,3259.128,-1795.0748,4151.223675,1464.0532,5615.276875
132,1244.3801,3193.834,2224.1733,0,0,0,-3364.1346,-1547.188,1606.7306,792.76364,0,3243.0488,-1786.9751,4150.55904,1456.0737,5606.63274
133,1277.5978,3233.2192,2221.3542,0,0,0,-3353.5815,-1545.4151,1594.0633,788.691655,0,3262.7568,-1805.6418,4215.929555,1457.115,5673.044555
134,1184.3265,3339.7167,2184.8998,0,0,0,-3348.1399,-1543.8685,1572.4048,786.1498,0,3250.8828,-1798.8279,4175.4892,1452.0549,5627.5441
135,1206.5555,3235.255,2230.8437,0,0,0,-3348.1334,-1546.8315,1608.1598,792.360175,0,3245.9358,-1800.0603,4178.209275,1445.8755,5624.084775
136,1228.9668,3238.8542,2214.7005,0,0,0,-3286.8302,-1546.0506,1626.5924,789.315555,0,3258.0271,-1801.3148,4265.548655,1456.7123,5722.260955
137,1264.7897,3183.6241,2223.6674,0,0,0,-3336.905,-1547.4014,1604.8046,791.41382,0,3254.9322,-1807.0748,4183.99322,1447.8574,5631.85062
138,1221.0226,3247.9917,2172.6548,0,0,0,-3336.7801,-1543.2319,1606.8771,790.28837,0,3235.3848,-1787.4955,4158.82257,1447.8893,5606.71187
139,1260.4157,3251.6437,2230.7457,0,0,0,-3367.4828,-1546.138,1579.3463,792.15354,0,3253.3399,-1801.6103,4200.68414,1451.7296,5652.41374
140,1218.5094,3207.5257,2223.3535,0,0,0,-3310.874,-1548.8278,1586.1124,791.006055,0,3249.9426,-1807.2079,4166.805255,1442.7347,5609.539955
141,1247.5371,3237.1226,2256.1835,0,0,0,-3332.6951,-1545.8822,1601.5699,789.60287,0,3248.0998,-1791.7371,4253.43867,1456.3627,5709.80137
142,1222.0211,3214.5029,2219.8155,0,0,0,-3314.3601,-1546.5732,1604.6286,786.240545,0,3243.8899,-1799.3465,4186.275345,1444.5434,5630.818745
143,1257.7793,3191.2198,2220.6337,0,0,0,-3333.5513,-1545.5175,1569.368,789.09104,0,3254.4502,-1806.7984,4149.02304,1447.6518,5596.67484
144,1225.2926,3184.466,2188.2281,0,0,0,-3316.2369,-1547.3191,1590.4432,793.324175,0,3265.7997,-1818.2776,4118.198075,1447.5221,5565.720175
145,1185.8614,3177.6602,2216.4891,0,0,0,-3296.4088,-1549.3604,1604.7241,791.61139,0,3261.4432,-1820.5612,4130.57699,1440.882,5571.45899
146,1302.1566,3237.9954,2200.3118,0,0,0,-3364.6967,-1541.0698,1608.194,787.988575,0,3265.6012,-1824.4979,4230.879875,1441.1033,5671.983175
147,1196.5457,3228.8122,2181.8578,0,0,0,-3363.9048,-1542.9384,1598.8568,789.468035,0,3248.9598,-1808.0715,4088.697335,1440.8883,5529.585635
148,1226.0774,3241.5686,2203.4191,0,0,0,-3316.3527,-1545.5582,1606.1794,788.85024,0,3251.3506,-1815.6549,4204.18384,1435.6957,5639.87954
149,1264.5147,3240.1378,2210.3392,0,0,0,-3321.6376,-1542.3651,1596.6667,787.363235,0,3266.6454,-1823.1966,4235.018935,1443.4488,5678.467735
150,1300.9169,3218.2274,2239.9524,0,0,0,-3333.7046,-1544.768,1573.5676,787.544365,0,3251.0246,-1805.8445,4241.736065,1445.1801,5686.916165
151,1249.9184,3143.5855,2222.0632,0,0,0,-3384.1371,-1546.2342,1603.3464,790.92739,0,3247.8541,-1800.2409,4079.46959,1447.6132,5527.08279
152,1220.2163,3289.5932,2216.3128,0,0,0,-3332.3798,-1544.0272,1618.6953,787.85478,0,3263.56,-1814.8157,4256.26538,1448.7443,5705.00968
153,1219.0528,3256.0322,2213.8712,0,0,0,-3354.0537,-1546.7958,1597.7551,789.826805,0,3237.2418,-1795.9522,4175.688605,1441.2896,5616.978205
154,1187.1569,3188.921,2168.4133,0,0,0,-3354.483,-1548.3048,1572.2942,791.646155,0,3250.3631,-1801.8742,4005.643755,1448.4889,5454.132655
155,1292.0702,3255.5131,2236.4897,0,0,0,-3364.5156,-1544.5051,1568.0362,786.358345,0,3245.7846,-1798.0607,4229.446845,1447.7239,5677.170745
156,1281.9538,3246.464,2216.0326,0,0,0,-3339.3073,-1543.1793,1581.3474,786.6929,0,3256.2221,-1803.9806,4230.0041,1452.2415,5682.2456
157,1249.5237,3219.3851,2222.4342,0,0,0,-3304.0345,-1545.0131,1608.3327,786.096175,0,3247.5092,-1799.5467,4236.724275,1447.9625,5684.686775
158,1271.3983,3212.8355,2235.4529,0,0,0,-3358.0063,-1548.005,1576.8485,790.01717,0,3255.0314,-1805.6631,4180.54107,1449.3683,5629.90937
159,1248.772,3279.2984,2243.2644,0,0,0,-3372.4148,-1546.7952,1587.6515,790.00943,0,3250.108,-1788.5303,4229.78573,1461.5777,5691.36343
160,1246.3676,3237.376,2221.2976,0,0,0,-3337.7435,-1549.1798,1627.6631,790.755985,0,3248.7613,-1806.7342,4236.536985,1442.0271,5678.564085
161,1202.2588,3355.5511,2226.0093,0,0,0,-3372.1406,-1541.8135,1605.8861,785.74502,0,3244.712,-1800.3536,4261.49622,1444.3584,5705.85462
162,1262.3011,3167.1218,2222.9105,0,0,0,-3359.3387,-1544.5723,1592.677,789.86683,0,3232.8286,-1791.8507,4130.96623,1440.9779,5571.94413
163,1285.9498,3238.7502,2199.313,0,0,0,-3344.7217,-1543.2181,1612.503,789.075395,0,3244.0222,-1788.1142,4237.651595,1455.908,5693.559595
164,1235.8296,3241.2825,2231.9107,0,0,0,-3369.5786,-1539.6245,1610.7166,788.405285,0,3244.1497,-1793.8616,4198.941585,1450.2881,5649.229685
165,1224.1465,3195.6028,2179.2387,0,0,0,-3342.5406,-1542.6662,1584.1318,790.651645,0,3235.2195,-1788.7781,4088.564645,1446.4414,5535.006045
166,1221.6775,3199.3665,2170.5663,0,0,0,-3321.4863,-1547.1607,1642.6395,789.157825,0,3246.791,-1797.46,4154.760625,1449.331,5604.091625
167,1291.0268,3181.842,2209.6147,0,0,0,-3342.2795,-1544.2418,1595.343,787.518325,0,3251.5113,-1808.407,4178.823525,1443.1043,5621.927825
168,1189.7051,3224.6747,2192.9984,0,0,0,-3331.225,-1542.9179,1589.668,786.10987,0,3240.6391,-1787.5178,4109.01317,1453.1213,5562.13447
169,1272.6358,3211.3642,2212.027,0,0,0,-3367.0672,-1544.0684,1616.7371,788.661015,0,3231.4206,-1777.9656,4190.289515,1453.455,5643.744515
170,1235.5294,3214.4925,2201.066,0,0,0,-3404.2048,-1545.3065,1603.3237,789.130355,0,3238.4561,-1791.7781,4094.030655,1446.678,5540.708655
171,1272.8123,3211.2117,2236.3627,0,0,0,-3396.0875,-1550.1933,1592.8325,790.9535,0,3222.0793,-1774.3292,4157.8919,1447.7501,5605.642
172,1262.2668,3199.6714,2239.1814,0,0,0,-3352.3441,-1549.246,1559.8732,790.186265,0,3252.6831,-1793.3978,4149.588965,1459.2853,5608.874265
173,1205.2108,3210.3688,2194.6179,0,0,0,-3343.9337,-1547.9435,1613.7485,790.58901,0,3242.6708,-1796.1529,4122.65781,1446.5179,5569.17571
174,1238.073,3235.7166,2220.7108,0,0,0,-3342.9202,-1550.6551,1580.828,790.943285,0,3253.4627,-1803.365,4172.696385,1450.0977,5622.794085
175,1228.2116,3218.6471,2207.3119,0,0,0,-3308.7695,-1550.925,1584.7149,790.13152,0,3249.3898,-1797.9913,4169.32252,1451.3985,5620.72102
176,1246.2574,3196.1023,2215.7745,0,0,0,-3346.9839,-1549.2583,1545.7139,791.61373,0,3249.5977,-1801.3447,4099.21963,1448.253,5547.47263
177,1239.9868,3232.2939,2187.3236,0,0,0,-3353.7469,-1553.7058,1590.8683,789.7922,0,3229.4503,-1780.6987,4132.8121,1448.7516,5581.5637
178,1224.2519,3270.7353,2196.1218,0,0,0,-3351.2488,-1551.5198,1622.0208,792.534595,0,3244.7025,-1791.2272,4202.895795,1453.4753,5656.371095
179,1236.7235,3262.9168,2211.8933,0,0,0,-3352.8926,-1550.7026,1612.0921,794.022655,0,3239.2924,-1787.4574,4214.053155,1451.835,5665.888155
180,1263.1407,3290.2692,2234.4359,0,0,0,-3325.7074,-1550.3188,1573.9072,791.42995,0,3248.2463,-1795.1664,4277.15675,1453.0799,5730.23665
181,1238.5492,3278.5709,2180.4531,0,0,0,-3294.8231,-1549.5533,1586.5438,789.6537,0,3245.0569,-1786.8206,4229.3943,1458.2363,5687.6306
182,1289.0401,3230.7831,2257.1507,0,0,0,-3307.8033,-1549.335,1580.6872,789.77644,0,3238.6687,-1798.7379,4290.29924,1439.9308,5730.23004
183,1253.5398,3227.6025,2219.5443,0,0,0,-3318.4739,-1549.9287,1580.0226,789.34472,0,3251.2278,-1802.1927,4201.65132,1449.0351,5650.68642
184,1241.5145,3214.7663,2235.9991,0,0,0,-3314.094,-1548.7876,1581.2968,790.71425,0,3248.4684,-1793.9983,4201.40935,1454.4701,5655.87945
185,1251.3973,3261.7338,2178.3228,0,0,0,-3337.7448,-1552.168,1585.6915,793.51362,0,3235.6778,-1787.1079,4180.74622,1448.5699,5629.31612
186,1271.05,3267.08,2201.0262,0,0,0,-3362.2648,-1548.0821,1594.2469,794.004295,0,3241.2344,-1789.8777,4217.060495,1451.3567,5668.417195
187,1290.3314,3310.4653,2191.6098,0,0,0,-3329.3285,-1546.6677,1579.554,788.131915,0,3250.0229,-1806.549,4284.096215,1443.4739,5727.570115
188,1226.977,3272.4147,2212.4983,0,0,0,-3330.3952,-1544.9276,1598.2257,787.914515,0,3241.8392,-1797.1324,4222.707415,1444.7068,5667.414215
189,1255.4877,3208.3782,2192.1046,0,0,0,-3372.0795,-1551.4362,1586.954,792.662035,0,3245.95,-1790.3937,4112.070835,1455.5563,5567.627135
190,1258.0906,3251.5867,2206.1766,0,0,0,-3358.7156,-1545.9711,1554.0097,787.54794,0,3249.0637,-1799.8847,4152.72484,1449.179,5601.90384
191,1233.7589,3182.8074,2232.4876,0,0,0,-3345.5167,-1548.276,1599.0539,791.87258,0,3251.0624,-1800.7287,4146.18768,1450.3337,5596.52138
192,1227.6266,3255.1368,2189.7476,0,0,0,-3339.3552,-1545.3269,1592.9497,787.922735,0,3243.9702,-1792.928,4168.701335,1451.0422,5619.743535
193,1250.4966,3301.728,2231.6334,0,0,0,-3369.2204,-1546.0398,1586.4465,787.4204,0,3229.2376,-1777.3565,4242.4647,1451.8811,5694.3458
194,1262.0379,3266.427,2209.344,0,0,0,-3333.5237,-1557.4412,1572.8559,794.998985,0,3248.5723,-1795.7746,4214.698885,1452.7977,5667.496585
195,1235.2358,3277.6808,2240.7615,0,0,0,-3310.2732,-1554.1749,1596.0205,793.655325,0,3250.519,-1806.8494,4278.905825,1443.6696,5722.575425
196,1248.4048,3228.1315,2220.6988,0,0,0,-3315.0804,-1550.5851,1575.7391,792.77905,0,3247.1785,-1800.0054,4200.08775,1447.1731,5647.26085
197,1246.1759,3250.8323,2222.2097,0,0,0,-3326.2119,-1548.0404,1615.0826,787.76119,0,3242.203,-1804.4238,4247.80939,1437.7792,5685.58859
198,1256.8103,3233.7891,2195.5866,0,0,0,-3403.6053,-1547.2971,1585.1956,789.99753,0,3229.2423,-1786.5655,4110.47673,1442.6768,5553.15353
199,1198.0028,3173.389,2212.6957,0,0,0,-3346.2549,-1548.4433,1645.8957,789.8534,0,3235.2715,-1788.2317,4125.1384,1447.0398,5572.1782
,,,,,,,,,,,,,,,,
Receptor Energy Terms,,,,,,,,,,,,,,,,
Frame #,BOND,ANGLE,DIHED,UB,IMP,CMAP,VDWAALS,EEL,1-4 VDW,1-4 EEL,EPB,ENPOLAR,EDISPER,G gas,G solv,TOTAL
0,1238.3989,3237.5005,2111.1196,0,0,0,-3132.3852,-1548.642,1546.8668,835.989445,0,3355.7495,-2002.7591,4288.848045,1352.9904,5641.838445
1,1203.2958,3229.0551,2157.8724,0,0,0,-3152.1461,-1545.7896,1573.7446,835.864755,0,3354.8329,-2004.1069,4301.896955,1350.726,5652.622955
2,1225.4123,3199.2213,2126.0033,0,0,0,-3118.3372,-1546.7591,1555.6341,831.698705,0,3334.8178,-1993.1528,4272.873405,1341.665,5614.538405
3,1231.6061,3132.7049,2144.7497,0,0,0,-3140.3223,-1548.663,1555.5575,836.74074,0,3336.7219,-1987.4024,4212.37364,1349.3195,5561.69314
4,1257.7631,3157.715,2122.2128,0,0,0,-3133.3469,-1542.9547,1566.1738,831.34366,0,3355.57,-2016.4145,4258.90676,1339.1555,5598.06226
5,1232.6348,3272.4499,2142.4291,0,0,0,-3158.0454,-1545.1375,1550.9686,834.51916,0,3351.5962,-2006.1266,4329.81866,1345.4696,5675.28826
6,1196.8344,3137.5326,2126.1169,0,0,0,-3172.3817,-1546.4415,1562.9108,837.228815,0,3348.1139,-2005.7265,4141.800315,1342.3874,5484.187715
7,1222.3479,3207.9866,2111.5184,0,0,0,-3154.1593,-1546.4187,1544.084,836.508305,0,3340.0483,-1987.3461,4221.867205,1352.7022,5574.569405
8,1227.322,3204.82,2091.3816,0,0,0,-3145.7264,-1551.5148,1566.7955,839.032665,0,3351.1237,-1996.1588,4232.110565,1354.9649,5587.075465
9,1247.1919,3127.8712,2199.4406,0,0,0,-3163.9071,-1544.5967,1583.1242,837.561915,0,3327.064,-1971.9127,4286.686015,1355.1513,5641.837315
10,1234.4956,3256.3217,2149.6209,0,0,0,-3200.2226,-1549.2233,1536.2703,836.14194,0,3342.1982,-1992.0113,4263.40454,1350.1869,5613.59144
11,1236.1932,3188.5242,2148.015,0,0,0,-3127.0241,-1548.956,1548.3336,834.737365,0,3347.1831,-1989.7922,4279.823265,1357.3909,5637.214165
12,1274.0753,3210.0839,2131.0568,0,0,0,-3114.2693,-1548.8754,1556.485,833.05422,0,3332.8333,-1973.149,4341.61052,1359.6843,5701.29482
13,1243.6504,3149.5724,2156.9542,0,0,0,-3151.4201,-1549.3484,1553.1123,837.73315,0,3331.7134,-1973.1192,4240.25395,1358.5942,5598.84815
14,1222.8919,3210.8203,2135.0339,0,0,0,-3090.9343,-1554.7531,1578.9374,837.79215,0,3332.5167,-1981.6928,4339.78825,1350.8239,5690.61215
15,1198.3184,3118.3753,2122.2239,0,0,0,-3131.5115,-1545.2832,1539.3672,835.244975,0,3336.9204,-1974.264,4136.735075,1362.6564,5499.391475
16,1233.7857,3187.8923,2156.4764,0,0,0,-3104.1443,-1543.6838,1553.2866,831.43853,0,3351.8655,-1997.6186,4315.05143,1354.2469,5669.29833
17,1278.4848,3199.0192,2139.4906,0,0,0,-3141.4345,-1547.9937,1566.4501,832.401065,0,3339.9633,-1993.8685,4326.417565,1346.0948,5672.512365
18,1263.8753,3164.4731,2145.2667,0,0,0,-3123.9322,-1548.2918,1553.605,834.26214,0,3348.3974,-1986.3877,4289.25824,1362.0097,5651.26794
19,1176.9421,3177.395,2175.36,0,0,0,-3130.4711,-1548.6565,1555.7253,835.209275,0,3327.0073,-1971.9787,4241.504075,1355.0286,5596.532675
20,1195.599,3216.8235,2150.796,0,0,0,-3168.6478,-1541.0946,1530.5558,830.8832,0,3354.2706,-2006.913,4214.9151,1347.3576,5562.2727
21,1176.7565,3215.9231,2133.3356,0,0,0,-3138.8235,-1549.3478,1584.3142,833.66867,0,3330.844,-1981.8708,4255.82677,1348.9732,5604.79997
22,1178.0331,3158.7117,2180.1238,0,0,0,-3108.3752,-1549.0628,1572.8958,832.784225,0,3328.4012,-1987.8823,4265.110625,1340.5189,5605.629525
23,1226.1822,3274.329,2179.08,0,0,0,-3162.4609,-1552.0709,1555.5503,836.69855,0,3340.724,-1984.2645,4357.30825,1356.4595,5713.76775
24,1209.0951,3146.2137,2162.1149,0,0,0,-3143.6642,-1549.1594,1545.2585,834.289445,0,3329.3226,-1980.0034,4204.148045,1349.3192,5553.467245
25,1159.2463,3241.9606,2102.0717,0,0,0,-3180.4556,-1549.738,1588.7041,837.14441,0,3325.656,-1979.7878,4198.93351,1345.8682,5544.80171
26,1203.1943,3156.5608,2157.5233,0,0,0,-3161.672,-1547.1994,1598.1446,836.16527,0,3339.5097,-1992.1863,4242.71687,1347.3234,5590.04027
27,1246.5703,3223.35,2127.3939,0,0,0,-3148.9822,-1548.0253,1573.0261,836.927445,0,3340.3696,-1991.2773,4310.260245,1349.0923,5659.352545
28,1160.3357,3174.0648,2134.5426,0,0,0,-3174.2037,-1545.024,1568.0671,833.2518,0,3347.4241,-1989.3979,4151.0343,1358.0262,5509.0605
29,1251.1728,3188.0426,2130.6372,0,0,0,-3134.6558,-1544.6262,1575.5571,832.82083,0,3345.449,-1997.1259,4298.94853,1348.3231,5647.27163
30,1260.1667,3136.7086,2112.582,0,0,0,-3171.2524,-1543.617,1576.5656,827.005515,0,3321.3137,-1979.8383,4198.159015,1341.4754,5539.634415
31,1248.7972,3135.4926,2120.1941,0,0,0,-3157.5963,-1542.1532,1556.8799,832.019115,0,3348.3076,-1995.5777,4193.633415,1352.7299,5546.363315
32,1244.6266,3244.9575,2166.5575,0,0,0,-3104.8649,-1544.6538,1586.7656,831.34648,0,3365.9224,-2020.9505,4424.73498,1344.9719,5769.70688
33,1312.8223,3219.0839,2091.7212,0,0,0,-3137.3225,-1545.2074,1574.7071,833.762875,0,3353.4154,-2013.3736,4349.567475,1340.0418,5689.609275
34,1243.2751,3219.742,2148.566,0,0,0,-3115.1426,-1543.7821,1541.8998,831.93676,0,3355.3054,-2001.6691,4326.49496,1353.6363,5680.13126
35,1219.2285,3189.8834,2124.6787,0,0,0,-3091.879,-1544.5512,1541.9004,833.435655,0,3366.8722,-2015.918,4272.696455,1350.9542,5623.650655
36,1228.5307,3267.899,2145.6339,0,0,0,-3158.8085,-1540.6661,1555.7909,830.09391,0,3346.5263,-2008.3216,4328.47381,1338.2047,5666.67851
37,1229.4177,3211.3945,2137.1631,0,0,0,-3111.6563,-1543.5131,1548.0996,830.21061,0,3355.3384,-2003.8338,4301.11611,1351.5046,5652.62071
38,1202.4731,3191.8811,2149.8439,0,0,0,-3107.737,-1546.934,1559.2545,831.375535,0,3363.9946,-2019.8493,4280.157135,1344.1453,5624.302435
39,1205.2751,3115.8586,2118.3311,0,0,0,-3130.8364,-1547.0377,1578.0201,833.450945,0,3342.5242,-1998.4133,4173.061745,1344.1109,5517.172645
40,1225.7147,3171.5357,2130.8386,0,0,0,-3125.9454,-1544.4781,1558.6862,831.928255,0,3350.0086,-1999.4385,4248.279955,1350.5701,5598.850055
41,1174.4937,3295.5453,2113.0371,0,0,0,-3121.7951,-1548.9999,1580.2087,833.97347,0,3337.5488,-1995.5251,4326.46327,1342.0237,5668.48697
42,1167.1922,3218.993,2156.0213,0,0,0,-3136.5193,-1550.5887,1567.3834,834.188235,0,3348.6951,-2002.2601,4256.670135,1346.435,5603.105135
43,1185.595,3205.3788,2109.0953,0,0,0,-3140.4333,-1550.6006,1561.6036,835.08055,0,3363.508,-2012.5056,4205.71935,1351.0024,5556.72175
44,1238.0934,3248.3664,2100.4823,0,0,0,-3137.5773,-1551.5144,1585.2762,837.73279,0,3336.9487,-1993.4211,4320.85939,1343.5276,5664.38699
45,1254.7222,3112.0016,2147.8077,0,0,0,-3104.2867,-1556.3883,1545.824,838.09593,0,3346.342,-1996.1697,4237.77643,1350.1723,5587.94873
46,1221.4993,3175.5703,2152.5642,0,0,0,-3126.4079,-1552.6075,1553.5288,836.588735,0,3350.9064,-2006.8682,4260.735935,1344.0382,5604.774135
47,1239.5136,3196.9424,2119.6372,0,0,0,-3132.8278,-1550.5063,1569.0505,834.186705,0,3344.986,-1987.1895,4275.996305,1357.7965,5633.792805
48,1249.3278,3212.9875,2112.2609,0,0,0,-3161.4752,-1550.0359,1589.7948,832.46238,0,3342.1746,-1986.4327,4285.32228,1355.7419,5641.06418
49,1228.6336,3199.2687,2138.347,0,0,0,-3164.5752,-1548.8718,1575.8217,835.71248,0,3342.4345,-1985.3485,4264.33648,1357.086,5621.42248
50,1157.7348,3235.5935,2112.2823,0,0,0,-3088.1694,-1549.6886,1549.733,834.285555,0,3346.9468,-2000.8178,4251.771155,1346.129,5597.900155
51,1226.172,3147.0337,2133.2658,0,0,0,-3148.7232,-1549.9222,1574.1167,837.45737,0,3343.3747,-1979.5948,4219.40017,1363.7799,5583.18007
52,1218.3847,3195.7058,2133.3013,0,0,0,-3173.9129,-1547.155,1593.731,835.199905,0,3335.2194,-1981.7698,4255.254805,1353.4496,5608.704405
53,1221.501,3218.7936,2152.7548,0,0,0,-3173.8855,-1547.3494,1544.9073,832.29059,0,3322.287,-1967.0704,4249.01239,1355.2166,5604.22899
54,1196.9702,3204.4933,2129.0316,0,0,0,-3154.7856,-1546.6626,1544.4839,830.9919,0,3327.957,-1973.7976,4204.5227,1354.1594,5558.6821
55,1190.9642,3223.3536,2143.1118,0,0,0,-3137.2196,-1551.2549,1575.9231,835.75585,0,3347.1217,-1995.6388,4280.63405,1351.4829,5632.11695
56,1182.5964,3154.862,2100.5579,0,0,0,-3098.2695,-1554.1492,1561.7059,835.268815,0,3331.4441,-1981.0618,4182.572315,1350.3823,5532.954615
57,1218.1185,3175.933,2146.0836,0,0,0,-3098.4139,-1552.209,1578.958,834.19292,0,3341.4753,-1994.4046,4302.66312,1347.0707,5649.73382
58,1192.3089,3169.9634,2110.6656,0,0,0,-3131.7888,-1554.4003,1559.8358,836.448895,0,3318.1763,-1959.5168,4183.033495,1358.6595,5541.692995
59,1236.5734,3250.2599,2146.2309,0,0,0,-3165.0836,-1551.7066,1583.09,837.620235,0,3328.8784,-1978.5319,4336.984235,1350.3465,5687.330735
60,1191.8567,3208.8704,2126.885,0,0,0,-3156.3628,-1544.8479,1555.7931,832.108525,0,3340.7051,-1985.9097,4214.303025,1354.7954,5569.098425
61,1233.3048,3256.8223,2131.3824,0,0,0,-3179.0122,-1545.971,1580.8743,830.11535,0,3336.5613,-1983.6455,4307.51595,1352.9158,5660.43175
62,1198.0491,3197.0173,2166.1906,0,0,0,-3144.6243,-1545.3457,1548.3699,832.439405,0,3343.8189,-2001.7135,4252.096305,1342.1054,5594.201705
63,1231.1317,3277.0214,2153.6524,0,0,0,-3114.412,-1548.4112,1550.4114,831.566055,0,3353.6516,-2017.5824,4380.959755,1336.0692,5717.028955
64,1201.074,3187.7324,2134.8186,0,0,0,-3116.3884,-1550.0885,1594.6432,832.70126,0,3345.4821,-2003.845,4284.49256,1341.6371,5626.12966
65,1238.2149,3266.4358,2137.3268,0,0,0,-3152.1838,-1543.4005,1561.886,828.31321,0,3342.855,-1989.1377,4336.59241,1353.7173,5690.30971
66,1254.7098,3208.3814,2217.5698,0,0,0,-3160.7375,-1548.8516,1558.6171,834.28548,0,3324.2574,-1979.5501,4363.97448,1344.7073,5708.68178
67,1261.3407,3209.2913,2145.5641,0,0,0,-3151.1375,-1546.6053,1556.3176,831.71614,0,3322.7737,-1964.6669,4306.48704,1358.1068,5664.59384
68,1234.1679,3183.318,2125.0914,0,0,0,-3124.6447,-1550.2186,1573.7733,831.142105,0,3336.8117,-1984.2205,4272.629405,1352.5912,5625.220605
69,1225.5375,3213.9698,2144.3694,0,0,0,-3158.5698,-1545.811,1570.2431,830.292695,0,3330.5605,-1972.1264,4280.031695,1358.4341,5638.465795
70,1246.5047,3208.9071,2148.0968,0,0,0,-3143.8972,-1551.2944,1557.5303,832.525,0,3324.5928,-1977.5046,4298.3723,1347.0882,5645.4605
71,1198.9257,3184.8292,2148.5432,0,0,0,-3124.1116,-1553.662,1588.0051,835.64666,0,3332.89,-1991.0068,4278.17626,1341.8832,5620.05946
72,1236.9544,3212.6513,2134.9049,0,0,0,-3127.8288,-1554.5932,1546.7671,836.539795,0,3333.3861,-1992.4853,4285.395495,1340.9008,5626.296295
73,1220.4374,3157.42,2168.8021,0,0,0,-3146.0961,-1551.352,1553.8401,832.66468,0,3324.848,-1975.2785,4235.71618,1349.5695,5585.28568
74,1206.8846,3134.4913,2146.7191,0,0,0,-3139.7715,-1554.3735,1584.3623,837.422825,0,3341.7351,-1984.4816,4215.735125,1357.2535,5572.988625
75,1216.1572,3238.2978,2116.3919,0,0,0,-3148.3722,-1553.6186,1581.0169,836.757635,0,3324.7063,-1978.4181,4286.630635,1346.2882,5632.918835
76,1208.5851,3227.5401,2103.9048,0,0,0,-3100.3207,-1553.8171,1577.2739,835.837235,0,3342.8786,-1997.666,4299.003335,1345.2126,5644.215935
77,1249.5145,3203.3889,2145.1324,0,0,0,-3136.4676,-1546.7357,1571.5293,831.799455,0,3330.9858,-1976.707,4318.161255,1354.2788,5672.440055
78,1242.5793,3272.856,2137.8687,0,0,0,-3112.2519,-1549.8185,1549.8083,833.48972,0,3339.6467,-1990.9098,4374.53162,1348.7369,5723.26852
79,1221.8732,3253.2259,2163.0291,0,0,0,-3130.6994,-1551.8537,1579.7467,836.322905,0,3335.5738,-1998.0725,4371.644705,1337.5013,5709.146005
80,1202.748,3274.0264,2136.281,0,0,0,-3167.221,-1550.6264,1563.421,833.595545,0,3328.3067,-1977.5352,4292.224545,1350.7715,5642.996045
81,1245.2921,3199.2175,2165.9426,0,0,0,-3082.2445,-1554.4203,1582.2601,834.61491,0,3329.9888,-1994.9643,4390.66241,1335.0245,5725.68691
82,1255.8845,3149.8966,2090.3687,0,0,0,-3157.6988,-1551.5682,1571.2803,837.12113,0,3325.6135,-1977.4452,4195.28423,1348.1683,5543.45253
83,1187.1038,3224.1375,2177.4877,0,0,0,-3136.7584,-1555.9795,1604.9041,837.546365,0,3322.3343,-1984.5292,4338.441565,1337.8051,5676.246665
84,1253.627,3171.7207,2121.87,0,0,0,-3135.1222,-1553.6162,1589.0061,834.842015,0,3332.1292,-1992.8642,4282.327415,1339.265,5621.592415
85,1220.4615,3178.172,2163.6228,0,0,0,-3141.3932,-1552.6794,1554.7561,835.0549,0,3365.4358,-2009.3371,4257.9947,1356.0987,5614.0934
86,1179.5478,3260.4216,2093.1627,0,0,0,-3139.9812,-1550.4214,1600.8046,834.85722,0,3337.3882,-1999.5447,4278.39132,1337.8435,5616.23482
87,1284.2577,3184.8721,2093.2537,0,0,0,-3135.6313,-1548.6598,1528.8423,832.968045,0,3354.9226,-2004.8436,4239.902745,1350.079,5589.981745
88,1243.2125,3171.2165,2150.6785,0,0,0,-3108.7873,-1554.0505,1576.03,836.88627,0,3346.772,-2004.1493,4315.18597,1342.6227,5657.80867
89,1261.3177,3204.4831,2144.0597,0,0,0,-3150.6653,-1551.6667,1564.6808,835.833535,0,3351.8655,-2006.3121,4308.042835,1345.5534,5653.596235
90,1234.1614,3219.2022,2120.8561,0,0,0,-3131.7478,-1554.3728,1574.797,839.43349,0,3349.522,-1989.6235,4302.32959,1359.8985,5662.22809
91,1256.1272,3245.3603,2142.9566,0,0,0,-3174.2064,-1552.4808,1610.6203,840.22077,0,3331.4252,-1996.4362,4368.59797,1334.989,5703.58697
92,1246.9307,3137.4035,2163.1569,0,0,0,-3141.672,-1551.962,1563.0118,837.009805,0,3329.521,-1986.4922,4253.878705,1343.0288,5596.907505
93,1229.7928,3245.1352,2116.8134,0,0,0,-3149.4439,-1553.1072,1573.7078,835.857975,0,3343.4881,-1998.696,4298.756075,1344.7921,5643.548175
94,1218.7828,3216.4874,2134.3697,0,0,0,-3170.4723,-1553.1717,1568.4006,836.146395,0,3331.3591,-1993.133,4250.542895,1338.2261,5588.768995
95,1214.3052,3161.2285,2140.6943,0,0,0,-3139.4122,-1552.071,1555.6433,833.52264,0,3334.1704,-1988.1572,4213.91074,1346.0132,5559.92394
96,1275.6901,3175.0358,2146.0541,0,0,0,-3152.102,-1553.2365,1591.4515,834.55529,0,3319.3198,-1974.0862,4317.44829,1345.2336,5662.68189
97,1292.1176,3183.7766,2175.6787,0,0,0,-3157.8999,-1556.4476,1566.3742,838.45521,0,3322.717,-1974.6214,4342.05481,1348.0956,5690.15041
98,1219.3398,3258.0212,2201.0033,0,0,0,-3129.5788,-1552.3865,1578.5188,837.060165,0,3326.7049,-1980.1194,4411.977965,1346.5855,5758.563465
99,1231.3304,3117.2442,2141.4114,0,0,0,-3122.3986,-1551.0075,1550.2485,835.06193,0,3341.2816,-1991.7829,4201.89033,1349.4987,5551.38903
100,1262.341,3176.6426,2155.1805,0,0,0,-3139.3822,-1552.9694,1579.6024,835.81433,0,3315.4027,-1977.1785,4317.22923,1338.2242,5655.45343
101,1257.9562,3196.6928,2131.1455,0,0,0,-3135.2009,-1550.8321,1537.7797,838.03427,0,3343.6677,-1990.1534,4275.57547,1353.5143,5629.08977
102,1241.386,3190.856,2201.1574,0,0,0,-3198.1678,-1556.686,1588.1063,838.09442,0,3317.3258,-1967.6216,4304.74632,1349.7042,5654.45052
103,1244.2795,3165.2093,2148.183,0,0,0,-3162.7348,-1554.2383,1577.4247,834.909625,0,3314.1459,-1965.2204,4253.033025,1348.9255,5601.958525
104,1235.7018,3198.6904,2174.9942,0,0,0,-3182.6787,-1555.579,1542.8165,836.225775,0,3318.8284,-1968.2777,4250.170975,1350.5507,5600.721675
105,1255.8583,3245.471,2136.1591,0,0,0,-3169.5895,-1549.8378,1547.7375,833.706415,0,3318.1243,-1966.6517,4299.505015,1351.4726,5650.977615
106,1257.0766,3220.1664,2165.8899,0,0,0,-3196.0239,-1549.6478,1536.3219,831.4177,0,3314.9822,-1969.3828,4265.2008,1345.5994,5610.8002
107,1222.6269,3181.2228,2158.306,0,0,0,-3150.474,-1557.1175,1565.7659,837.20093,0,3321.2428,-1974.9831,4257.53103,1346.2597,5603.79073
108,1223.7565,3103.4927,2100.7227,0,0,0,-3162.1666,-1556.2326,1562.4069,838.543715,0,3324.4322,-1973.9624,4110.523315,1350.4698,5460.993115
109,1267.1868,3222.1117,2124.276,0,0,0,-3154.0269,-1556.9962,1557.1247,836.70981,0,3330.707,-1972.5929,4296.38591,1358.1141,5654.50001
110,1242.9948,3228.1498,2148.509,0,0,0,-3122.6649,-1557.4099,1593.2597,837.97531,0,3324.3944,-1980.074,4370.81381,1344.3204,5715.13421
111,1231.4981,3272.7179,2129.3337,0,0,0,-3213.0406,-1549.7407,1544.0269,833.82025,0,3316.102,-1976.4207,4248.61555,1339.6813,5588.29685
112,1221.7522,3138.76,2140.0816,0,0,0,-3158.2542,-1557.8823,1574.9751,839.575855,0,3326.2466,-1975.2445,4199.008255,1351.0021,5550.010355
113,1228.8026,3247.2805,2211.1672,0,0,0,-3154.1665,-1552.5896,1558.6534,831.8507,0,3309.5674,-1974.1437,4370.9983,1335.4237,5706.422
114,1244.8348,3259.6158,2139.908,0,0,0,-3128.4881,-1555.1912,1564.5483,835.421555,0,3330.6976,-1985.7542,4360.649155,1344.9434,5705.592555
115,1247.5938,3218.8104,2167.9595,0,0,0,-3187.9489,-1553.9998,1578.3542,838.90166,0,3311.8117,-1963.1997,4309.67086,1348.612,5658.28286
116,1245.5915,3179.3878,2135.1839,0,0,0,-3125.3616,-1556.8067,1562.2171,836.51771,0,3323.7518,-1978.2166,4276.72971,1345.5352,5622.26491
117,1177.18,3373.5823,2146.9466,0,0,0,-3135.8783,-1555.6222,1560.6611,836.59921,0,3333.594,-1995.2975,4403.46871,1338.2965,5741.76521
118,1229.1707,3201.0638,2120.5989,0,0,0,-3115.7659,-1554.6506,1553.8146,836.582915,0,3332.2237,-1988.0276,4270.814415,1344.1961,5615.010515
119,1258.9018,3261.566,2174.3299,0,0,0,-3140.7927,-1556.2395,1533.503,837.71465,0,3346.4838,-1993.3297,4368.98315,1353.1541,5722.13725
120,1186.8272,3238.2259,2167.5845,0,0,0,-3126.3403,-1549.5714,1542.659,831.63585,0,3336.1738,-1981.7859,4291.02075,1354.3879,5645.40865
121,1164.0737,3210.4867,2129.5308,0,0,0,-3155.6242,-1552.4663,1593.7874,835.330885,0,3327.3759,-1973.9113,4225.118985,1353.4646,5578.583585
122,1225.3351,3227.9854,2121.5781,0,0,0,-3142.4669,-1552.8051,1582.1042,834.10591,0,3329.8093,-1983.8298,4295.83671,1345.9795,5641.81621
123,1184.4554,3308.3191,2161.3164,0,0,0,-3127.9705,-1559.7752,1575.2978,837.109445,0,3327.6641,-1993.884,4378.752445,1333.7801,5712.532545
124,1213.2777,3259.6816,2121.2612,0,0,0,-3165.0689,-1551.9037,1556.1507,832.860575,0,3332.4174,-1985.7196,4266.259175,1346.6978,5612.956975
125,1222.0439,3196.084,2120.8279,0,0,0,-3152.6757,-1551.6991,1551.6038,833.928535,0,3312.322,-1961.9675,4220.113335,1350.3545,5570.467835
126,1263.4011,3182.0473,2116.8621,0,0,0,-3138.0123,-1557.1109,1565.5136,837.054535,0,3329.5021,-1981.9686,4269.755435,1347.5335,5617.288935
127,1204.0229,3125.5527,2127.3634,0,0,0,-3124.4478,-1554.6021,1536.1964,835.617035,0,3328.1508,-1975.4249,4149.702535,1352.7259,5502.428435
128,1203.3134,3287.4051,2109.8035,0,0,0,-3097.3817,-1557.4058,1553.2399,836.38851,0,3337.3267,-1989.1342,4335.36291,1348.1925,5683.55541
129,1202.0081,3207.9659,2117.6368,0,0,0,-3151.511,-1558.2318,1554.8446,837.539325,0,3314.3396,-1965.7526,4210.251925,1348.587,5558.838925
130,1208.9813,3158.2817,2186.9463,0,0,0,-3149.0327,-1557.3415,1560.0457,836.299715,0,3325.0228,-1980.8668,4244.180515,1344.156,5588.336515
131,1216.7852,3229.5914,2162.9189,0,0,0,-3132.9303,-1558.1664,1594.092,841.557145,0,3326.5632,-1982.0813,4353.847945,1344.4819,5698.329845
132,1235.7719,3301.9801,2130.9399,0,0,0,-3144.6813,-1561.7987,1555.8941,841.304595,0,3324.1109,-1988.2168,4359.410595,1335.8941,5695.304695
133,1204.5443,3192.1369,2098.1635,0,0,0,-3109.5198,-1560.8934,1551.1637,839.308145,0,3326.8798,-1980.9071,4214.903345,1345.9727,5560.876045
134,1233.9806,3185.5302,2165.1265,0,0,0,-3163.051,-1555.0908,1555.0912,835.393775,0,3320.8507,-1979.5507,4256.980475,1341.3,5598.280475
135,1263.9617,3217.1501,2135.7274,0,0,0,-3152.3119,-1555.3754,1525.8178,834.932985,0,3330.8535,-1983.6613,4269.902685,1347.1922,5617.094885
136,1265.6361,3195.7652,2145.8878,0,0,0,-3104.2731,-1555.7715,1541.7538,835.86522,0,3352.9381,-2004.4162,4324.86352,1348.5219,5673.38542
137,1256.1898,3183.4192,2172.1207,0,0,0,-3141.5204,-1562.8059,1583.4806,839.68837,0,3322.958,-1965.4028,4330.57237,1357.5552,5688.12757
138,1228.4311,3164.8884,2136.6699,0,0,0,-3171.4039,-1553.7689,1571.2907,838.31059,0,3313.4277,-1966.916,4214.41789,1346.5117,5560.92959
139,1211.4925,3132.238,2144.6826,0,0,0,-3173.5014,-1557.016,1565.4841,839.33256,0,3319.9482,-1969.5467,4162.71236,1350.4015,5513.11386
140,1188.7571,3254.9167,2157.4754,0,0,0,-3125.703,-1554.7495,1560.4748,836.218055,0,3325.1079,-1976.2521,4317.389555,1348.8558,5666.245355
141,1266.6646,3205.5002,2137.483,0,0,0,-3121.2176,-1558.2596,1524.8736,836.17698,0,3343.9984,-1997.6863,4291.22118,1346.3121,5637.53328
142,1252.8844,3213.5664,2196.6112,0,0,0,-3135.6951,-1561.4659,1574.6956,836.835965,0,3335.5454,-1987.0316,4377.432565,1348.5138,5725.946365
143,1254.5307,3198.0253,2148.589,0,0,0,-3145.4979,-1559.7478,1580.1793,838.00875,0,3336.6085,-1985.9571,4314.08735,1350.6514,5664.73875
144,1223.088,3217.9234,2175.7528,0,0,0,-3130.1991,-1559.9484,1532.8408,837.01137,0,3335.3659,-1980.6317,4296.46887,1354.7342,5651.20307
145,1234.4297,3195.6705,2140.0968,0,0,0,-3130.4652,-1560.8604,1581.1967,840.79552,0,3325.0087,-1975.0437,4300.86362,1349.965,5650.82862
146,1227.7459,3183.7109,2178.7873,0,0,0,-3200.4496,-1556.8971,1572.5683,838.798995,0,3325.2733,-1979.8198,4244.264695,1345.4535,5589.718195
147,1235.0459,3201.1332,2173.7236,0,0,0,-3178.3774,-1554.8319,1599.334,839.10296,0,3319.6789,-1974.8449,4315.13036,1344.834,5659.96436
148,1271.3064,3166.3996,2146.6789,0,0,0,-3128.4707,-1552.6583,1538.5194,835.44861,0,3339.7081,-1987.9239,4277.22391,1351.7842,5629.00811
149,1176.738,3232.5092,2143.6604,0,0,0,-3112.5447,-1553.6006,1594.2476,836.4674,0,3336.084,-2001.0634,4317.4773,1335.0206,5652.4979
150,1237.2788,3235.2917,2130.7153,0,0,0,-3138.0171,-1555.6214,1591.455,838.789765,0,3326.5348,-1989.0653,4339.892065,1337.4695,5677.361565
151,1177.5869,3161.3889,2165.9554,0,0,0,-3142.3911,-1555.2925,1563.601,838.12916,0,3329.6533,-1982.433,4208.97776,1347.2203,5556.19806
152,1220.7806,3237.6501,2164.9465,0,0,0,-3163.467,-1558.045,1584.7314,837.59143,0,3323.6526,-1983.7452,4324.18803,1339.9074,5664.09543
153,1229.1685,3218.3808,2125.4716,0,0,0,-3179.3285,-1552.7006,1556.2725,837.959225,0,3329.1241,-1978.3033,4235.223525,1350.8208,5586.044325
154,1220.0776,3239.1932,2161.3888,0,0,0,-3170.8513,-1556.6666,1542.8124,834.313415,0,3335.3422,-1987.6219,4270.267515,1347.7203,5617.987815
155,1257.8138,3153.7964,2132.1957,0,0,0,-3151.5146,-1552.9386,1554.2565,835.111255,0,3343.3369,-1988.3323,4228.720455,1355.0046,5583.725055
156,1214.3005,3159.2353,2156.5412,0,0,0,-3145.0536,-1552.9078,1570.0932,837.557705,0,3332.8522,-1987.7137,4239.766505,1345.1385,5584.905005
157,1221.6044,3100.9496,2137.4303,0,0,0,-3124.8876,-1556.8572,1590.2412,838.69955,0,3342.2218,-2009.0996,4207.18025,1333.1222,5540.30245
158,1230.1438,3227.4255,2130.6137,0,0,0,-3158.2004,-1552.7223,1560.8182,834.479455,0,3338.8435,-1992.3075,4272.557955,1346.536,5619.093955
159,1177.4113,3158.5889,2144.421,0,0,0,-3129.1069,-1554.0291,1558.3906,838.167915,0,3322.6887,-1983.3996,4193.843715,1339.2891,5533.132815
160,1237.321,3169.4776,2119.9295,0,0,0,-3194.341,-1553.9383,1563.364,840.365715,0,3317.1604,-1982.6343,4182.178515,1334.5261,5516.704615
161,1175.772,3213.2513,2193.5937,0,0,0,-3180.0525,-1553.1938,1568.7103,835.190445,0,3331.6804,-1981.8856,4253.271445,1349.7948,5603.066245
162,1209.059,3091.4064,2119.7357,0,0,0,-3162.4972,-1557.5284,1564.5031,839.035255,0,3316.6501,-1968.2873,4103.713855,1348.3628,5452.076655
163,1221.6445,3117.3156,2150.2007,0,0,0,-3185.9008,-1552.9202,1580.3579,836.79801,0,3324.7299,-1972.7904,4167.49571,1351.9395,5519.43521
164,1296.1555,3160.5517,2130.4526,0,0,0,-3175.9987,-1555.946,1565.9957,837.605935,0,3315.1996,-1974.029,4258.816735,1341.1706,5599.987335
165,1231.5916,3138.6059,2167.5842,0,0,0,-3167.7158,-1555.5312,1556.3042,837.42274,0,3313.938,-1966.2951,4208.26164,1347.6429,5555.90454
166,1260.1129,3175.3183,2166.2684,0,0,0,-3216.9678,-1556.9953,1561.9724,841.274015,0,3313.6923,-1955.6528,4230.982915,1358.0395,5589.022415
167,1211.0305,3165.4697,2189.1469,0,0,0,-3167.6362,-1553.7429,1589.4325,836.98159,0,3311.4479,-1956.3985,4270.68209,1355.0494,5625.73149
168,1189.321,3218.427,2148.7716,0,0,0,-3194.0325,-1554.6275,1602.8093,838.880395,0,3302.7161,-1954.3607,4249.549295,1348.3554,5597.904695
169,1291.9459,3195.2133,2112.576,0,0,0,-3193.8585,-1549.6375,1540.9739,834.89482,0,3322.0886,-1968.3126,4232.10792,1353.776,5585.88392
170,1226.6478,3222.2761,2123.4318,0,0,0,-3140.5532,-1556.7378,1554.4169,837.656955,0,3306.1512,-1957.4854,4267.138555,1348.6658,5615.804355
171,1241.8717,3170.8888,2150.5138,0,0,0,-3165.9117,-1551.284,1559.1688,833.85039,0,3311.6133,-1961.3973,4239.09779,1350.216,5589.31379
172,1212.4955,3176.5997,2141.9791,0,0,0,-3174.6012,-1556.7359,1561.8249,836.22772,0,3316.6265,-1964.5807,4197.78982,1352.0458,5549.83562
173,1298.651,3228.8984,2120.1409,0,0,0,-3173.4023,-1552.2835,1562.3354,833.3456,0,3329.3509,-1970.7034,4317.6855,1358.6475,5676.333
174,1246.4677,3230.3815,2094.1681,0,0,0,-3151.8476,-1554.5052,1546.1156,836.228065,0,3336.2542,-1977.97,4247.008165,1358.2842,5605.292365
175,1239.3139,3180.821,2129.0708,0,0,0,-3201.5463,-1555.4587,1572.5266,837.99821,0,3321.3988,-1966.9456,4202.72551,1354.4532,5557.17871
176,1222.5611,3278.1596,2169.6791,0,0,0,-3173.7283,-1552.4788,1552.36,836.199655,0,3315.2988,-1955.6478,4332.752355,1359.651,5692.403355
177,1234.7746,3258.7555,2075.9118,0,0,0,-3170.0972,-1554.2343,1542.1387,837.314595,0,3326.7664,-1969.081,4224.563695,1357.6854,5582.249095
178,1264.4109,3244.1025,2132.7165,0,0,0,-3155.7766,-1557.8554,1554.1238,839.04397,0,3327.7114,-1978.7224,4320.76567,1348.989,5669.75467
179,1258.2468,3158.0161,2122.9029,0,0,0,-3152.7242,-1551.539,1563.8088,833.96559,0,3337.27,-1990.7566,4232.67699,1346.5134,5579.19039
180,1246.6678,3152.7301,2158.1419,0,0,0,-3150.6865,-1554.4112,1573.0652,838.20448,0,3337.3456,-1991.1646,4263.71178,1346.181,5609.89278
181,1244.9905,3177.052,2110.2757,0,0,0,-3151.2837,-1556.6455,1568.5586,839.900765,0,3325.3394,-1980.1877,4232.848365,1345.1517,5578.000065
182,1192.0236,3179.0268,2190.6939,0,0,0,-3136.6524,-1554.3294,1580.4937,837.036815,0,3321.3373,-1990.9922,4288.293015,1330.3451,5618.638115
183,1254.8715,3155.9035,2163.986,0,0,0,-3180.2335,-1556.4029,1558.4246,837.48938,0,3317.1274,-1968.6323,4234.03858,1348.4951,5582.53368
184,1254.222,3244.4077,2147.2127,0,0,0,-3119.4615,-1562.5334,1555.1919,838.677285,0,3338.5647,-1995.363,4357.716685,1343.2017,5700.918385
185,1247.4568,3202.6989,2151.87,0,0,0,-3159.8536,-1556.4004,1541.8027,837.613055,0,3339.0466,-1988.5053,4265.187455,1350.5413,5615.728755
186,1252.1686,3161.1694,2113.2816,0,0,0,-3157.3587,-1557.321,1568.7278,837.76814,0,3328.0705,-1983.1071,4218.43584,1344.9634,5563.39924
187,1234.3141,3242.4593,2117.2059,0,0,0,-3138.8814,-1557.7013,1562.1046,838.51121,0,3326.9601,-1979.8494,4298.01241,1347.1107,5645.12311
188,1214.5824,3204.9369,2163.9901,0,0,0,-3134.0038,-1561.5263,1597.5812,840.12249,0,3326.5537,-1976.0466,4325.68299,1350.5071,5676.19009
189,1240.517,3199.6908,2134.1024,0,0,0,-3121.2673,-1557.9167,1581.189,837.73261,0,3324.1676,-1975.5715,4314.04781,1348.5961,5662.64391
190,1208.277,3220.4675,2159.3463,0,0,0,-3164.4152,-1556.2906,1573.2544,835.930995,0,3318.8142,-1967.8748,4276.570395,1350.9394,5627.509795
191,1241.0361,3257.2701,2169.8992,0,0,0,-3164.9806,-1553.2976,1575.9371,836.86664,0,3333.2963,-1985.6416,4362.73094,1347.6547,5710.38564
192,1247.5028,3138.8882,2157.0698,0,0,0,-3126.508,-1562.8922,1587.8545,843.18334,0,3328.1602,-1975.3646,4285.09844,1352.7956,5637.89404
193,1148.2736,3194.5422,2132.5838,0,0,0,-3152.0407,-1557.6677,1581.8745,838.039285,0,3310.7675,-1968.1647,4185.604985,1342.6028,5528.207785
194,1199.7344,3176.823,2177.8366,0,0,0,-3148.2107,-1554.1678,1556.9784,835.688025,0,3325.9253,-1976.3407,4244.681925,1349.5846,5594.266525
195,1217.8646,3103.9042,2158.6042,0,0,0,-3171.3091,-1558.3029,1568.3224,838.104305,0,3319.9009,-1977.9125,4157.187705,1341.9884,5499.176105
196,1217.1131,3149.7377,2176.3396,0,0,0,-3185.1884,-1555.7707,1567.4019,838.337,0,3327.7633,-1978.1999,4207.9702,1349.5634,5557.5336
197,1246.0113,3172.7265,2166.7196,0,0,0,-3177.4482,-1556.8374,1578.6546,838.96185,0,3326.2797,-1970.8537,4268.78825,1355.426,5624.21425
198,1219.9057,3159.9669,2114.5408,0,0,0,-3113.362,-1559.2757,1590.0141,837.49245,0,3331.8457,-1972.9192,4249.28225,1358.9265,5608.20875
199,1226.4835,3174.7537,2168.2102,0,0,0,-3185.6888,-1553.5239,1556.6114,834.845115,0,3322.1028,-1972.6421,4221.691215,1349.4607,5571.151915
,,,,,,,,,,,,,,,,
Ligand Energy Terms,,,,,,,,,,,,,,,,
Frame #,BOND,ANGLE,DIHED,UB,IMP,CMAP,VDWAALS,EEL,1-4 VDW,1-4 EEL,EPB,ENPOLAR,EDISPER,G gas,G solv,TOTAL
0,14.2312,49.6812,36.4844,0,0,0,-6.2141,14.5537,16.0462,-47.6375,0,40.7934,-45.5525,77.1451,-4.7591,72.386
1,11.6332,38.6806,34.5927,0,0,0,-5.5205,14.0994,11.9921,-46.678335,0,40.1367,-45.4529,58.799165,-5.3162,53.482965
2,13.1123,32.5735,37.5413,0,0,0,-8.5609,13.0314,8.9325,-45.33602,0,40.3824,-44.9292,51.29408,-4.5468,46.74728
3,14.0535,49.6865,35.8138,0,0,0,-8.5577,13.0676,11.3662,-46.07435,0,40.1083,-44.3802,69.35555,-4.2719,65.08365
4,13.5057,39.3595,35.2219,0,0,0,-6.4705,13.6323,10.2065,-46.269805,0,41.4928,-46.3907,59.185595,-4.8979,54.287695
5,19.3015,53.9358,36.4495,0,0,0,-7.0685,13.8724,11.6644,-47.370205,0,40.1934,-45.4668,80.784895,-5.2734,75.511495
6,17.8959,37.2152,34.4162,0,0,0,-7.8245,13.4397,11.7987,-46.397525,0,40.7178,-45.7292,60.543675,-5.0114,55.532275
7,22.7827,38.1763,32.0827,0,0,0,-8.2347,12.3086,12.5648,-45.45976,0,40.3446,-45.1566,64.22064,-4.812,59.40864
8,14.632,49.2845,43.0756,0,0,0,-6.7374,13.2089,9.4811,-46.305385,0,40.3871,-44.9469,76.639315,-4.5598,72.079515
9,20.7867,51.1477,36.3545,0,0,0,-8.9352,13.3873,12.2558,-46.4995,0,39.8248,-44.9071,78.4973,-5.0823,73.415
10,17.6777,47.3288,35.6988,0,0,0,-7.8057,13.8092,11.259,-46.90067,0,40.1367,-45.4226,71.06713,-5.2859,65.78123
11,17.6284,31.2818,34.2545,0,0,0,-8.1272,13.4407,8.9975,-45.9251,0,40.5099,-45.5448,51.5506,-5.0349,46.5157
12,15.8795,48.4656,39.5673,0,0,0,-7.9198,13.0183,9.0619,-45.88239,0,40.9541,-45.7538,72.19041,-4.7997,67.39071
13,18.2641,45.9454,32.3345,0,0,0,-8.7289,14.1152,12.742,-47.232205,0,40.1934,-45.399,67.440095,-5.2056,62.234495
14,23.6162,41.5266,33.9408,0,0,0,-7.8316,13.1957,9.4548,-46.311725,0,40.406,-44.9436,67.590775,-4.5376,63.053175
15,18.8557,43.4374,33.0005,0,0,0,-7.5072,12.8463,13.7855,-45.80067,0,40.7178,-45.9038,68.61753,-5.186,63.43153
16,15.9372,40.9939,31.5326,0,0,0,-8.7244,12.7768,14.3028,-45.645665,0,39.8768,-44.3639,61.173235,-4.4871,56.686135
17,26.49,41.309,33.9779,0,0,0,-7.1542,12.9012,11.986,-46.10246,0,40.8549,-46.4524,73.40744,-5.5975,67.80994
18,19.6301,40.577,37.5513,0,0,0,-6.073,12.9166,8.3158,-45.601015,0,41.5683,-46.1814,67.316785,-4.6131,62.703685
19,24.659,38.3272,35.6048,0,0,0,-7.9705,13.1966,9.8591,-45.88259,0,40.7131,-45.2458,67.79361,-4.5327,63.26091
20,21.5111,48.7741,33.5467,0,0,0,-6.706,14.3433,10.8252,-47.248305,0,40.8312,-45.2894,75.046095,-4.4582,70.587895
21,16.0969,41.0651,35.8232,0,0,0,-8.0672,13.6344,11.5035,-46.24528,0,40.3162,-45.5257,63.81062,-5.2095,58.60112
22,17.42,51.4219,38.5615,0,0,0,-4.1166,14.0969,10.2472,-47.53365,0,40.5572,-45.1442,80.09725,-4.587,75.51025
23,15.6274,45.2226,35.5898,0,0,0,-8.138,14.257,9.1213,-47.358325,0,40.5903,-45.6789,64.321775,-5.0886,59.233175
24,28.9412,43.9936,38.6353,0,0,0,-5.6592,13.5909,9.0098,-47.07997,0,40.5855,-45.8339,81.43163,-5.2484,76.18323
25,21.4297,37.2235,35.0312,0,0,0,-8.668,13.301,12.1372,-46.261525,0,39.8579,-44.7833,64.193075,-4.9254,59.267675
26,8.5861,50.0813,31.2243,0,0,0,-8.3303,13.0418,9.9565,-45.70758,0,40.3776,-45.1665,58.85212,-4.7889,54.06322
27,17.581,43.1382,37.439,0,0,0,-7.2417,13.7735,8.9431,-46.6138,0,41.2376,-45.7403,67.0193,-4.5027,62.5166
28,15.1833,39.8807,35.2916,0,0,0,-5.1354,12.8485,9.8807,-45.79071,0,40.6281,-45.7563,62.15869,-5.1282,57.03049
29,21.2458,44.284,36.0779,0,0,0,-4.4154,12.979,10.9997,-46.338875,0,41.2092,-45.7083,74.832125,-4.4991,70.333025
30,18.2167,41.9537,36.8713,0,0,0,-7.3095,13.3418,8.3599,-46.167875,0,41.162,-45.4682,65.266025,-4.3062,60.959825
31,24.5473,36.2913,41.2472,0,0,0,-9.6821,13.1708,11.8732,-46.31574,0,40.0091,-43.9726,71.13196,-3.9635,67.16846
32,15.4921,43.2942,38.9661,0,0,0,-6.3995,13.4507,10.14,-46.281905,0,40.9305,-44.9975,68.661695,-4.067,64.594695
33,16.837,39.8535,37.8221,0,0,0,-7.6554,12.9586,10.0809,-45.67809,0,40.1508,-44.8449,64.21861,-4.6941,59.52451
34,16.8252,42.499,42.376,0,0,0,-8.0951,14.5347,12.553,-46.29331,0,40.1603,-44.4214,74.39949,-4.2611,70.13839
35,11.5792,39.8958,39.8726,0,0,0,-8.3437,13.3786,13.9847,-46.162865,0,40.1698,-44.621,64.204335,-4.4512,59.753135
36,18.8671,45.0694,40.6812,0,0,0,-6.2206,13.4572,12.7381,-46.57933,0,40.028,-44.883,78.01307,-4.855,73.15807
37,15.4822,40.1775,32.3779,0,0,0,-8.0938,13.8829,10.3001,-46.763305,0,39.9571,-44.9595,57.363495,-5.0024,52.361095
38,14.9509,53.9606,36.9495,0,0,0,-5.7849,12.7776,12.5652,-46.658305,0,39.6925,-45.6492,78.760595,-5.9567,72.803895
39,20.2082,50.8512,34.4243,0,0,0,-6.131,13.2808,9.7928,-46.660725,0,39.891,-44.9849,75.765575,-5.0939,70.671675
40,15.4918,49.1373,38.409,0,0,0,-6.7688,13.4256,10.6551,-46.61066,0,39.4893,-45.0485,73.73934,-5.5592,68.18014
41,15.1079,40.4161,34.7785,0,0,0,-7.9755,13.761,11.3133,-46.535365,0,39.6311,-44.4562,60.865935,-4.8251,56.040835
42,18.7718,49.3095,40.138,0,0,0,-8.1298,13.193,11.4877,-46.426795,0,40.7698,-45.7404,78.343405,-4.9706,73.372805
43,12.966,37.3734,34.4091,0,0,0,-6.0604,12.9461,10.0666,-45.78693,0,39.2295,-45.355,55.91387,-6.1255,49.78837
44,24.6911,46.8378,36.8875,0,0,0,-7.6634,14.5007,11.0291,-47.47675,0,39.7539,-45.0076,78.80605,-5.2537,73.55235
45,23.1436,39.6676,34.8795,0,0,0,-8.2877,13.783,12.4101,-46.847965,0,39.4704,-44.4847,68.748135,-5.0143,63.733835
46,20.0793,41.732,36.8986,0,0,0,-8.0228,14.0461,12.8643,-47.09288,0,38.9082,-44.7903,70.50462,-5.8821,64.62252
47,19.2453,46.8081,33.5281,0,0,0,-7.5323,13.5602,10.2803,-46.443385,0,40.5619,-46.2088,69.446315,-5.6469,63.799415
48,17.1599,36.4119,38.1023,0,0,0,-8.2597,12.975,10.3828,-45.79166,0,40.7934,-45.0396,60.98054,-4.2462,56.73434
49,15.1564,35.5822,35.5292,0,0,0,-7.9627,13.2388,8.5609,-45.68572,0,40.6801,-45.8691,54.41908,-5.189,49.23008
50,23.3237,44.5928,39.8022,0,0,0,-7.1714,13.7167,6.113,-46.57247,0,41.6061,-45.9764,73.80453,-4.3703,69.43423
51,15.4125,38.8322,43.3866,0,0,0,-5.8324,13.4955,11.6035,-46.876975,0,40.6233,-45.8131,70.020925,-5.1898,64.831125
52,17.5919,44.938,40.6698,0,0,0,-5.5834,14.186,9.3552,-47.528635,0,40.6139,-45.6239,73.628865,-5.01,68.618865
53,12.1849,46.3286,40.2938,0,0,0,-4.565,13.2232,10.5175,-46.671665,0,40.7698,-45.9624,71.311335,-5.1926,66.118735
54,14.3153,41.6504,44.2668,0,0,0,-0.2542,12.8906,9.8523,-46.576385,0,40.732,-46.0569,76.144815,-5.3249,70.819915
55,22.3478,38.6913,38.2802,0,0,0,-3.5417,12.5875,11.2123,-46.47234,0,38.6247,-44.0119,73.10506,-5.3872,67.71786
56,26.5117,42.9889,36.0993,0,0,0,-4.9758,13.5902,11.7002,-46.80468,0,39.4893,-44.3116,79.10982,-4.8223,74.28752
57,17.3921,42.475,35.8696,0,0,0,-0.5444,12.7488,10.364,-46.8501,0,40.4721,-46.3092,71.455,-5.8371,65.6179
58,19.4522,44.5898,39.3537,0,0,0,-1.1448,13.0864,12.5748,-47.149805,0,39.7539,-44.9557,80.762295,-5.2018,75.560495
59,15.9931,34.3843,43.4198,0,0,0,-2.509,12.8018,11.3883,-46.69269,0,40.8029,-46.5743,68.78561,-5.7714,63.01421
60,20.2472,39.1932,38.3429,0,0,0,-4.0019,12.4946,9.4174,-46.227255,0,40.9305,-45.8799,69.466145,-4.9494,64.516745
61,20.0109,40.5071,42.376,0,0,0,-5.2798,13.5194,11.5314,-47.748185,0,40.6659,-46.4377,74.916815,-5.7718,69.145015
62,17.2,39.3495,41.782,0,0,0,-1.9837,12.4373,11.1594,-46.272405,0,41.4786,-46.243,73.672095,-4.7644,68.907695
63,15.2294,35.9095,39.2538,0,0,0,-4.6621,13.3136,10.3352,-46.65121,0,40.1131,-45.6763,62.72819,-5.5632,57.16499
64,15.4405,45.246,44.1078,0,0,0,-9.864,13.6195,11.3185,-46.73384,0,39.6075,-43.4692,73.13446,-3.8617,69.27276
65,15.8732,42.146,40.5001,0,0,0,-10.1909,14.5315,13.4814,-46.616455,0,39.0735,-43.3258,69.724845,-4.2523,65.472545
66,29.8138,32.6413,40.0039,0,0,0,-9.1063,13.5831,12.976,-46.838045,0,39.7161,-43.7672,73.073755,-4.0511,69.022655
67,15.1612,44.2535,39.2914,0,0,0,-6.4195,14.4188,9.7283,-46.818635,0,39.4704,-43.7609,69.615065,-4.2905,65.324565
68,20.7694,50.917,38.9436,0,0,0,-8.7826,13.8934,13.8088,-47.001295,0,39.787,-43.6704,82.548305,-3.8834,78.664905
69,19.5381,44.3031,41.0453,0,0,0,-3.4424,12.8353,13.0673,-47.315745,0,40.8596,-46.2675,80.030955,-5.4079,74.623055
70,18.7693,40.0308,43.7888,0,0,0,-4.1005,13.1302,9.8513,-46.75591,0,40.8407,-46.5626,74.71399,-5.7219,68.99209
71,12.3643,38.9232,40.3411,0,0,0,1.3024,12.1618,11.3362,-45.95714,0,40.7178,-46.1216,70.47186,-5.4038,65.06806
72,22.5238,46.9488,37.509,0,0,0,-7.3764,14.0551,12.7568,-47.61203,0,40.0469,-45.9133,78.80507,-5.8664,72.93867
73,13.5754,49.2584,35.1777,0,0,0,-8.139,13.5068,8.978,-46.78365,0,40.5903,-46.1328,65.57365,-5.5425,60.03115
74,23.8695,36.1775,35.1944,0,0,0,-7.875,13.639,11.1313,-46.816505,0,40.3918,-45.5203,65.320195,-5.1285,60.191695
75,23.4636,41.6196,40.3466,0,0,0,-7.2184,14.1925,13.5305,-47.860135,0,40.1461,-45.821,78.074265,-5.6749,72.399365
76,15.0447,47.2217,35.0945,0,0,0,-6.9232,13.4708,11.1708,-46.803135,0,40.6281,-45.0513,68.276165,-4.4232,63.852965
77,14.3722,35.6761,34.6586,0,0,0,-7.2364,13.1062,10.2054,-45.854665,0,39.9288,-45.3207,54.927435,-5.3919,49.535535
78,25.3922,45.7281,34.8475,0,0,0,-7.9647,13.9665,13.8104,-46.968475,0,40.3021,-45.9153,78.811525,-5.6132,73.198325
79,17.5791,34.8184,40.6387,0,0,0,-5.0538,12.5409,9.2589,-46.19988,0,41.4361,-46.2028,63.58232,-4.7667,58.81562
80,20.4811,35.2306,39.0364,0,0,0,-3.4556,12.8224,12.3312,-46.658,0,40.2831,-45.6839,69.7881,-5.4008,64.3873
81,24.8588,47.1211,36.2852,0,0,0,-8.7518,14.4687,11.0867,-48.120425,0,39.6405,-45.6166,76.948275,-5.9761,70.972175
82,16.7462,42.8828,37.1045,0,0,0,-6.9584,12.3759,12.1811,-45.395405,0,40.165,-45.3104,68.936695,-5.1454,63.791295
83,24.277,41.3912,35.1305,0,0,0,-5.8723,14.15,11.4779,-47.146355,0,39.5933,-44.8547,73.407945,-5.2614,68.146545
84,21.7862,37.8002,31.4313,0,0,0,-6.3066,14.022,10.1633,-46.78793,0,39.8154,-45.4276,62.10847,-5.6122,56.49627
85,13.7445,46.3381,35.7155,0,0,0,-8.0784,13.0648,14.905,-46.228075,0,40.6375,-45.7168,69.461425,-5.0793,64.382125
86,16.4857,50.8417,39.6849,0,0,0,-7.6268,13.8195,9.9987,-46.99925,0,40.0469,-45.0739,76.20445,-5.027,71.17745
87,25.8317,38.2838,40.1048,0,0,0,-8.5142,12.758,9.7262,-45.480765,0,40.5714,-45.2549,72.709535,-4.6835,68.026035
88,13.979,50.4944,36.6006,0,0,0,-6.7022,13.0014,9.3965,-46.008685,0,41.7762,-46.4529,70.761015,-4.6767,66.084315
89,14.9426,54.6779,38.8977,0,0,0,-7.5211,13.445,10.4054,-46.57553,0,41.6203,-45.7106,78.27197,-4.0903,74.18167
90,12.4021,35.6317,38.1097,0,0,0,-6.9509,13.4022,14.8911,-46.55712,0,40.2406,-45.6539,60.92878,-5.4133,55.51548
91,23.217,44.4715,39.6741,0,0,0,-6.9847,13.659,10.8074,-47.26399,0,41.4361,-46.1022,77.58031,-4.6661,72.91421
92,14.586,52.3727,33.747,0,0,0,-6.839,13.2062,9.5451,-46.233495,0,41.3038,-46.2337,70.384505,-4.9299,65.454605
93,24.1935,48.4029,33.5455,0,0,0,-7.9205,14.1606,10.1188,-47.17182,0,40.5619,-45.4395,75.32898,-4.8776,70.45138
94,18.4451,38.4751,37.209,0,0,0,-7.0076,12.3433,12.2306,-45.267265,0,40.4816,-45.2183,66.428235,-4.7367,61.691535
95,15.8326,45.9913,33.7557,0,0,0,-7.938,12.6088,8.7092,-45.12963,0,40.5761,-44.553,63.82997,-3.9769,59.85307
96,15.2037,36.4531,34.4003,0,0,0,-6.8831,12.7621,11.1864,-45.515345,0,40.1083,-45.3784,57.607155,-5.2701,52.337055
97,23.5681,37.3458,31.8425,0,0,0,-5.3219,13.6022,10.8859,-46.829225,0,39.6216,-44.4353,65.093375,-4.8137,60.279675
98,19.5729,58.2164,39.8719,0,0,0,-5.5906,13.1114,10.2803,-46.572465,0,41.0391,-46.1609,88.889835,-5.1218,83.768035
99,25.8775,35.0617,33.1542,0,0,0,-5.996,13.1699,8.9665,-46.071445,0,40.4249,-46.0627,64.162355,-5.6378,58.524555
100,20.6716,37.7848,38.9187,0,0,0,-6.8375,13.0996,11.3311,-46.032775,0,41.3888,-45.9521,68.935525,-4.5633,64.372225
101,13.9045,37.7016,41.2865,0,0,0,-8.0694,12.3183,8.933,-45.037675,0,41.3605,-45.8671,61.036825,-4.5066,56.530225
102,18.4156,46.7121,34.2764,0,0,0,-7.7417,13.0298,14.848,-46.13188,0,40.1839,-44.9293,73.40832,-4.7454,68.66292
103,24.7794,40.682,33.4283,0,0,0,-4.9366,14.4477,14.5778,-47.529055,0,40.3588,-45.7083,75.449545,-5.3495,70.100045
104,16.3656,49.3979,33.1913,0,0,0,-6.0038,12.9627,14.3183,-45.894725,0,40.0563,-44.7308,74.337275,-4.6745,69.662775
105,13.9315,45.309,34.0335,0,0,0,-7.3942,13.97,11.5522,-46.655015,0,40.9305,-46.0251,64.746985,-5.0946,59.652385
106,19.9351,29.2226,40.7362,0,0,0,-8.1376,13.0403,13.1457,-45.958245,0,40.269,-45.089,61.984055,-4.82,57.164055
107,18.1994,42.7162,37.4971,0,0,0,-7.4103,13.0036,11.0479,-45.948285,0,41.0439,-45.8205,69.105615,-4.7766,64.329015
108,20.841,40.6279,35.6496,0,0,0,-7.875,13.2248,11.0809,-46.479575,0,40.5147,-45.2963,67.069625,-4.7816,62.288025
109,12.8245,39.2546,30.3591,0,0,0,-6.2821,12.7501,10.2902,-45.44879,0,40.5997,-45.7595,53.74761,-5.1598,48.58781
110,17.9687,50.5442,34.7424,0,0,0,-7.4298,13.7053,8.7894,-47.021555,0,41.3557,-46.5319,71.298645,-5.1762,66.122445
111,21.6332,46.9767,39.9853,0,0,0,-7.2209,12.7655,11.2818,-46.25258,0,40.7509,-45.563,79.16902,-4.8121,74.35692
112,18.4873,60.1655,36.9386,0,0,0,-7.1565,15.1017,12.0085,-48.58214,0,41.3793,-46.4057,86.96296,-5.0264,81.93656
113,16.9269,36.6927,36.9532,0,0,0,-7.5918,14.0988,8.5744,-46.224555,0,40.165,-44.4959,59.429645,-4.3309,55.098745
114,13.5553,44.0387,31.364,0,0,0,-6.1921,13.6181,9.5368,-46.642415,0,40.8407,-45.5577,59.278385,-4.717,54.561385
115,16.2263,34.554,37.1844,0,0,0,-7.7928,12.8678,9.809,-45.744,0,41.1762,-45.7856,57.1047,-4.6094,52.4953
116,16.8884,46.1405,38.2772,0,0,0,-6.0054,14.3403,10.7051,-47.37446,0,41.0864,-46.3837,72.97164,-5.2973,67.67434
117,15.0397,36.5031,34.2962,0,0,0,-8.142,14.6855,10.438,-45.625995,0,40.595,-45.2985,57.194505,-4.7035,52.491005
118,19.7108,41.3369,38.4921,0,0,0,-7.1174,13.5279,10.619,-46.81094,0,41.4455,-46.5543,69.75836,-5.1088,64.64956
119,9.4437,38.937,33.1965,0,0,0,-7.4146,13.0001,9.3716,-45.371515,0,41.1762,-46.4661,51.162785,-5.2899,45.872885
120,12.6553,43.9742,32.1489,0,0,0,-6.9717,13.3664,11.2457,-45.998595,0,39.7161,-45.4864,60.420205,-5.7703,54.649905
121,16.3244,41.3462,39.2178,0,0,0,-7.8734,13.3575,8.6352,-45.945965,0,41.2801,-45.6647,65.061735,-4.3846,60.677135
122,16.5349,45.6771,40.3745,0,0,0,-6.9124,12.238,9.501,-45.763885,0,39.9382,-44.8646,71.649215,-4.9264,66.722815
123,16.8018,37.3511,33.4117,0,0,0,-9.5335,13.4469,8.9929,-45.94881,0,40.1934,-44.9578,54.52209,-4.7644,49.75769
124,18.3129,50.2109,38.4364,0,0,0,-7.3865,13.88,8.8874,-46.84983,0,39.8768,-44.5605,75.49127,-4.6837,70.80757
125,19.9689,33.7324,35.8483,0,0,0,-7.5332,13.9597,10.5763,-46.57188,0,40.5619,-45.0821,59.98052,-4.5202,55.46032
126,18.3577,39.7461,40.6963,0,0,0,-8.2902,13.5209,11.4922,-46.382825,0,40.5194,-44.856,69.140175,-4.3366,64.803575
127,21.3731,32.1025,36.2482,0,0,0,-7.0721,12.637,11.2527,-45.439115,0,40.0044,-45.153,61.102285,-5.1486,55.953685
128,15.2469,39.2251,39.6335,0,0,0,-7.8718,13.1072,9.5912,-45.710445,0,41.1431,-45.2227,63.221655,-4.0796,59.142055
129,15.8059,35.1784,33.4984,0,0,0,-7.3916,13.7347,12.3391,-47.00558,0,39.9855,-44.4241,56.15932,-4.4386,51.72072
130,19.9643,48.7298,35.0986,0,0,0,-10.1454,13.4409,10.3008,-46.45451,0,39.3192,-44.0808,70.93449,-4.7616,66.17289
131,17.496,47.5388,36.4275,0,0,0,-7.5682,13.0249,10.0659,-45.98359,0,41.0675,-45.5951,71.00131,-4.5276,66.47371
132,16.3265,50.6118,34.0331,0,0,0,-6.4497,14.1246,9.1629,-46.68048,0,40.6233,-45.5577,71.12872,-4.9344,66.19432
133,19.4104,39.5659,34.6542,0,0,0,-8.2429,13.6025,11.1867,-46.86836,0,40.6517,-45.3737,63.30844,-4.722,58.58644
134,20.9552,39.072,34.0081,0,0,0,-7.4558,13.2602,9.7674,-46.10567,0,41.0769,-45.4468,63.50143,-4.3699,59.13153
135,14.6297,42.1145,39.9565,0,0,0,-7.2481,13.5163,11.9807,-46.555195,0,40.1934,-44.9778,68.394405,-4.7844,63.610005
136,13.3594,54.4306,35.0194,0,0,0,-8.6026,13.5373,12.3901,-46.924845,0,39.7114,-44.4528,73.209355,-4.7414,68.467955
137,13.5804,45.8372,34.5864,0,0,0,-7.7631,13.5778,10.4519,-46.576825,0,40.6895,-45.4727,63.693775,-4.7832,58.910575
138,18.8396,38.636,37.607,0,0,0,-7.6597,14.0584,9.8264,-46.89196,0,40.2926,-45.8307,64.41574,-5.5381,58.87764
139,9.4625,43.703,38.0689,0,0,0,-6.7949,13.7538,10.391,-46.267415,0,40.6801,-44.5814,62.316885,-3.9013,58.415585
140,20.6024,42.0171,38.0821,0,0,0,-8.1414,13.9742,13.1148,-47.049505,0,39.8106,-44.7203,72.599695,-4.9097,67.689995
141,20.1796,36.339,31.5857,0,0,0,-4.6953,13.7374,11.2725,-46.61123,0,39.8862,-44.8142,61.80767,-4.928,56.87967
142,25.2117,39.2758,42.8305,0,0,0,-6.6298,13.6222,10.9834,-46.98317,0,41.4171,-45.8556,78.31063,-4.4385,73.87213
143,19.7601,36.1298,34.172,0,0,0,-7.2203,13.0838,11.9193,-46.38515,0,40.2831,-46.3782,61.45955,-6.0951,55.36445
144,9.7934,36.3105,38.4525,0,0,0,-8.6401,14.2665,9.7755,-45.92914,0,39.9524,-44.1686,54.02916,-4.2162,49.81296
145,22.9336,45.421,36.2594,0,0,0,-6.1644,13.4125,11.8125,-47.007625,0,40.1319,-45.8332,76.666975,-5.7013,70.965675
146,20.398,33.9398,39.9387,0,0,0,-7.7439,12.4616,10.245,-45.21418,0,40.9683,-45.9567,64.02502,-4.9884,59.03662
147,12.7888,41.2868,37.9144,0,0,0,-6.8277,14.0228,9.4684,-46.957935,0,41.5825,-45.7298,61.695565,-4.1473,57.548265
148,17.2013,40.9354,38.4025,0,0,0,-7.1499,13.2507,9.8104,-46.13282,0,41.6676,-46.6039,66.31758,-4.9363,61.38128
149,21.7528,46.925,38.5272,0,0,0,-8.3924,13.7093,11.3094,-46.956285,0,40.6848,-45.6595,76.875015,-4.9747,71.900315
150,14.6175,46.3876,33.1554,0,0,0,-8.7386,13.4781,11.7181,-46.257505,0,40.3446,-44.6078,64.360595,-4.2632,60.097395
151,18.5615,44.8523,34.0952,0,0,0,-6.9228,12.7084,12.1375,-45.93308,0,40.458,-45.5928,69.49902,-5.1348,64.36422
152,16.2764,39.3774,39.9099,0,0,0,-4.3852,13.3756,9.0783,-46.36274,0,41.0675,-46.7452,67.26966,-5.6777,61.59196
153,14.8738,38.9574,37.4497,0,0,0,-8.0209,13.1817,12.4599,-46.49525,0,40.4532,-45.6307,62.40635,-5.1775,57.22885
154,13.7397,48.9589,35.087,0,0,0,-6.7335,13.513,12.0396,-46.58554,0,40.0705,-45.0121,70.01916,-4.9416,65.07756
155,13.8136,36.6896,33.6656,0,0,0,-8.0313,13.6311,9.5722,-46.26152,0,40.4249,-45.1528,53.07928,-4.7279,48.35138
156,15.5581,40.8991,39.4227,0,0,0,-6.1925,12.6305,11.8872,-45.816455,0,40.2642,-45.5846,68.388645,-5.3204,63.068245
157,25.4788,39.1473,39.826,0,0,0,-7.4492,13.9067,10.8356,-47.230415,0,40.5241,-45.6553,74.514785,-5.1312,69.383585
158,24.0732,42.4568,35.1201,0,0,0,-7.6034,14.7221,11.273,-47.96464,0,40.1839,-45.2522,72.07716,-5.0683,67.00886
159,17.8357,39.5809,31.1322,0,0,0,-6.9712,13.8634,9.2859,-46.147455,0,41.2471,-46.2158,58.579445,-4.9687,53.610745
160,15.0319,44.603,36.406,0,0,0,-8.0437,13.7042,8.2882,-46.652435,0,40.6044,-45.2956,63.337165,-4.6912,58.645965
161,17.8965,50.4502,39.9643,0,0,0,-8.2775,13.925,8.3527,-46.79491,0,40.7037,-44.8275,75.51629,-4.1238,71.39249
162,22.6189,42.5307,36.2339,0,0,0,-5.5359,14.338,10.6749,-47.46398,0,40.7698,-46.6282,73.39652,-5.8584,67.53812
163,17.4312,46.2219,37.6709,0,0,0,-5.9599,13.502,10.8947,-46.784405,0,40.0989,-45.4684,72.976395,-5.3695,67.606895
164,21.0057,50.2563,40.8141,0,0,0,-8.6688,13.7981,8.2527,-46.724465,0,40.0138,-44.5882,78.733635,-4.5744,74.159235
165,19.1604,51.9578,35.087,0,0,0,-9.0243,13.0603,9.2878,-46.304215,0,40.6044,-45.071,73.224785,-4.4666,68.758185
166,20.685,47.4388,39.0609,0,0,0,-6.7683,13.7899,11.1937,-47.43752,0,40.4391,-45.5762,77.96248,-5.1371,72.82538
167,24.3615,40.783,32.7102,0,0,0,-7.5565,13.5478,10.6769,-46.67051,0,40.3209,-45.3442,67.85239,-5.0233,62.82909
168,16.2722,45.6427,36.5306,0,0,0,-8.0051,13.3791,10.6684,-46.39868,0,41.0344,-46.3369,68.08922,-5.3025,62.78672
169,20.3504,49.2096,30.7087,0,0,0,-7.0597,13.7824,14.0363,-46.92989,0,39.9477,-45.1052,74.09781,-5.1575,68.94031
170,14.9816,41.1205,38.2371,0,0,0,-8.0589,12.8624,7.6838,-45.62356,0,41.1148,-45.8826,61.20294,-4.7678,56.43514
171,20.3388,53.2617,36.6571,0,0,0,-8.2709,14.2311,9.391,-47.41028,0,39.5649,-45.0994,78.19852,-5.5345,72.66402
172,14.2138,39.8504,37.3537,0,0,0,-8.8694,12.9374,8.5019,-45.35975,0,40.2642,-44.3941,58.62805,-4.1299,54.49815
173,14.919,38.9029,37.6147,0,0,0,-6.3054,13.8618,10.8092,-46.74888,0,40.4485,-45.6517,63.05332,-5.2032,57.85012
174,11.9263,39.6257,41.0197,0,0,0,-9.0492,12.635,8.7667,-44.890555,0,40.5903,-43.868,60.033645,-3.2777,56.755945
175,11.1065,50.9431,34.1962,0,0,0,-5.3902,13.3574,10.5513,-46.782345,0,40.647,-46.3429,67.981955,-5.6959,62.286055
176,13.636,46.9731,35.9471,0,0,0,-7.8249,14.5636,11.0151,-47.38262,0,40.1319,-45.5158,66.92738,-5.3839,61.54348
177,14.1714,36.8022,36.4328,0,0,0,-6.0431,13.7976,10.8161,-46.67313,0,40.5194,-46.0742,59.30387,-5.5548,53.74907
178,19.5009,35.8144,37.1964,0,0,0,-8.1667,13.111,10.2977,-45.734575,0,40.1083,-45.1453,62.019125,-5.037,56.982125
179,15.8849,46.148,37.0879,0,0,0,-6.3227,14.1381,10.1172,-46.67001,0,40.8312,-45.5069,70.38339,-4.6757,65.70769
180,18.4395,47.7349,42.3309,0,0,0,-7.1742,14.5752,8.5013,-47.39201,0,41.0769,-45.5403,77.01559,-4.4634,72.55219
181,20.8687,35.5272,37.7375,0,0,0,-7.6234,13.0736,10.6737,-45.9205,0,40.8218,-45.0857,64.3368,-4.2639,60.0729
182,19.6548,44.207,37.7126,0,0,0,-6.8602,13.4058,8.319,-46.394575,0,41.3982,-46.4246,70.044425,-5.0264,65.018025
183,15.1074,48.8571,37.0043,0,0,0,-7.0123,13.3265,13.4337,-46.581305,0,39.6925,-44.4201,74.135395,-4.7276,69.407795
184,18.8809,49.6563,36.1877,0,0,0,-7.8706,14.8069,10.4324,-47.26614,0,40.8029,-45.5108,74.82746,-4.7079,70.11956
185,17.1995,36.9954,38.1343,0,0,0,-7.6295,13.0943,11.2048,-45.92111,0,39.5461,-44.3442,63.07769,-4.7981,58.27959
186,12.5178,47.6176,30.78,0,0,0,-7.3382,13.7959,10.2256,-46.38179,0,39.9902,-44.819,61.21691,-4.8288,56.38811
187,12.9699,37.8524,36.9646,0,0,0,-7.6695,13.4559,9.2071,-46.026285,0,40.3824,-45.0875,56.754115,-4.7051,52.049015
188,17.9779,45.1997,36.9967,0,0,0,-8.5706,13.2457,11.2484,-46.21332,0,38.9838,-44.7926,69.88448,-5.8088,64.07568
189,14.3058,46.1853,33.8067,0,0,0,-6.0575,13.6062,12.0409,-46.523625,0,39.9146,-45.6295,67.363775,-5.7149,61.648875
190,17.249,35.2426,32.6206,0,0,0,-5.9532,13.456,10.6225,-46.301155,0,40.9068,-46.4688,56.936345,-5.562,51.374345
191,14.9869,40.9956,39.3516,0,0,0,-7.5079,12.8587,11.9018,-45.759435,0,40.3446,-45.7347,66.827265,-5.3901,61.437165
192,20.0433,34.4506,34.8281,0,0,0,-7.699,13.2641,9.4756,-46.08453,0,40.2973,-45.0363,58.27817,-4.739,53.53917
193,22.7836,48.2881,34.0948,0,0,0,-7.4158,13.904,11.3939,-47.101755,0,40.9966,-45.6169,75.946845,-4.6203,71.326545
194,19.0198,40.6485,39.5729,0,0,0,-6.85,13.3096,10.1897,-46.317765,0,41.3982,-46.4942,69.572735,-5.096,64.476735
195,9.1725,47.966,33.8759,0,0,0,-6.8671,14.0177,10.2596,-46.861555,0,41.1053,-46.1036,61.563045,-4.9983,56.564745
196,23.9815,34.533,31.2235,0,0,0,-7.2438,13.8836,11.8408,-46.82155,0,40.0044,-44.9348,61.39705,-4.9304,56.46665
197,27.9129,46.7329,36.2492,0,0,0,-8.849,13.6415,11.3855,-47.01603,0,39.8012,-44.5665,80.05697,-4.7653,75.29167
198,17.7746,35.4248,42.0356,0,0,0,-6.8961,13.1591,10.6712,-46.140895,0,41.6251,-47.0036,66.028305,-5.3785,60.649805
199,22.9268,41.287,39.8691,0,0,0,-7.5477,13.007,9.0081,-46.176545,0,41.0533,-46.4647,72.373755,-5.4114,66.962355